,Unnamed: 0,Jan 2019,% change vs Jan 2018,% change vs Dec 2018,Cumulative Jan 2019,% cumulative change
0,1.Traffic,1.Traffic,1.Traffic,1.Traffic,1.Traffic,1.Traffic
1,1.RTKs (in millions),2066.235,7.804,2.833,2066.235,7.8
2,Domestic,1104.6,7.1,4.5,1104.6,7.1
3,International,884.6,7.9,0.8,884.6,7.9
4,Regional,77.1,18,3.1,77.1,18
5,2.RPKs (in millions),18930.6,10.9,6.1,18930.6,10.9
6,Domestic,10960.5,8.9,6.2,10960.5,8.9
7,International,7216.3,13,6.2,7216.3,13
8,Regional,753.7,20.8,4.9,753.7,20.8
9,3.RFTKs(in millions),404.2,-0.3,-3.6,404.2,-0.3
10,Domestic,144,0.9,5.1,144,0.9
11,International,252.7,-1,-8,252.7,-1
12,Regional,43466,-0.6,-3,7.5,-0.6
13,4.Number of Passengers carried (in thousands),9156.5,11.3,6.1,9156.5,11.3
14,Domestic,7243.8,9.4,5.5,7243.8,9.4
15,International,1441.1,18.7,9.5,1441.1,18.7
16,Regional,471.6,20.7,4.6,471.6,20.7
17,5.Total Cargo tonnes carried,128179.4,2,0.3,128179.4,2
18,Domestic,88339.6,1.1,3.5,88339.6,1.1
19,International,35245.6,4.9,-6.7,35245.6,4.9
20,Regional,4594.1,-2.9,-2.2,4594.1,-2.9
21,2.Capacity,2.Capacity,2.Capacity,2.Capacity,2.Capacity,2.Capacity
22,1.ATKs (in millions),3131.8,9.9,5.5,3131.8,9.9
23,Domestic,1647,10.2,6.4,1647,10.2
24,International,1372.5,8.9,4.3,1372.5,8.9
25,Regional,112.2,17,6,112.2,17
26,2.ASKs (in millions),23688.7,9.4,4.2,23688.7,9.4
27,Domestic,13761.8,9.6,4.9,13761.8,9.6
28,International,9006.6,8.4,3.2,9006.6,8.4
29,Regional,920.4,16.1,4.2,920.4,16.1
30,3.AFTKs (in millions),994.7,11,8.4,994.7,11
31,Domestic,408.8,12.3,11.6,408.8,12.3
32,International,560.6,9.8,6,560.6,9.8
33,Regional,25.3,18.9,12.7,25.3,18.9
34,3.Load Factor,3.Load Factor,3.Load Factor,3.Load Factor,3.Load Factor,3.Load Factor
35,1.Passenger Load Factor(％),79.9,1.1,1.4,79.9,1.1
36,Domestic,79.6,-0.5,1,79.6,-0.5
37,International,80.1,3.2,2.3,80.1,3.2
38,Regional,81.9,3.2,0.5,81.9,3.2
39,2.Cargo load factor(％),40.6,-4.6,-5.1,40.6,-4.6
40,Domestic,35.2,-4,-2.2,35.2,-4
41,International,45.1,-4.9,-6.9,45.1,-4.9
42,Regional,29.6,-5.8,-4.8,29.6,-5.8
43,3.Overall Load Factor(％),66,-1.3,-1.7,66,-1.3
44,Domestic,67.1,-2,-1.2,67.1,-2
45,International,64.4,-0.6,-2.3,64.4,-0.6
46,Regional,68.7,0.6,-1.9,68.7,0.6
,Unnamed: 0,Feb 2019,% change vs Feb 2018,% change vs Jan 2019,Cumulative Feb 2019,% cumulative change
0,1.Traffic,1.Traffic,1.Traffic,1.Traffic,1.Traffic,1.Traffic
1,1.RTKs (in millions),1895.1,5,-10.5,4012.2,6.6
2,Domestic,1066.7,4.4,-7.5,2219.7,6
3,International,755.5,5.3,-14.8,1642.6,6.8
4,Regional,72.9,10.2,-5.4,150,14.1
5,2.RPKs (in millions),18700.6,7.8,-3.9,38155,9.5
6,Domestic,11410.8,5.8,-0.4,22866.6,7.5
7,International,6545.3,11,-9.7,13790.2,12.2
8,Regional,744.5,11.9,-1.2,1498.2,16.2
9,3.RFTKs(in millions),276.2,-8.7,-32.5,685.4,-3.6
10,Domestic,81.7,-12.5,-45.1,230.6,-3.6
11,International,190,-6.8,-24.8,442.8,-3.6
12,Regional,4.6,-14.7,-39.3,12,-6.5
13,4.Number of Passengers carried (in thousands),9385.3,6.9,-2,18966.8,9.2
14,Domestic,7551.4,5.3,-1.3,15204.3,7.4
15,International,1357.7,14.9,-6.8,2814.8,17.2
16,Regional,476.1,10.9,1,947.7,15.5
17,5.Total Cargo tonnes carried,78719.6,-10.6,-40,209934.2,-2.7
18,Domestic,49881.9,-13.3,-45.4,141219.5,-3.9
19,International,26065.1,-4.3,-26.1,61348,0.9
20,Regional,2772.5,-14.5,-39.7,7366.6,-7.6
21,2.Capacity,2.Capacity,2.Capacity,2.Capacity,2.Capacity,2.Capacity
22,1.ATKs (in millions),2917.3,5.4,-8.8,6114.8,7.8
23,Domestic,1575.7,2.7,-7.8,3285,6.7
24,International,1231.8,8.9,-10.5,2607.8,9
25,Regional,109.7,7.3,-2.2,221.9,12
26,2.ASKs (in millions),22259.9,6.1,-8.7,46629.2,8
27,Domestic,13251.6,4.3,-8,27651.4,7.3
28,International,8105.5,9.1,-10.4,17154.6,8.9
29,Regional,902.8,7.9,-1.9,1823.2,11.9
30,3.AFTKs (in millions),908.8,3.9,-9,1907.3,7.4
31,Domestic,383.2,-1.9,-7.2,795.9,4.8
32,International,501.2,8.9,-10.6,1061.8,9.4
33,Regional,24.4,2.8,-3.5,49.7,10.4
34,3.Load Factor,3.Load Factor,3.Load Factor,3.Load Factor,3.Load Factor,3.Load Factor
35,1.Passenger Load Factor(％),84,1.3,4.2,81.8,1.1
36,Domestic,86.1,1.3,6.6,82.7,0.2
37,International,80.8,1.4,0.7,80.4,2.3
38,Regional,82.5,2.9,0.6,82.2,3.1
39,2.Cargo load factor(％),30.4,-4.2,-10.6,35.9,-4.1
40,Domestic,21.3,-2.6,-14.7,29,-2.5
41,International,37.9,-6.3,-7.2,41.7,-5.6
42,Regional,18.7,-3.8,-11,24.2,-4.4
43,3.Overall Load Factor(％),65,-0.3,-1.3,65.6,-0.8
44,Domestic,67.7,1.1,0.2,67.6,-0.4
45,International,61.3,-2.1,-3.1,63,-1.3
46,Regional,66.5,1.8,-2.2,67.6,1.3
,Unnamed: 0,Mar 2019,% change vs Mar 2018,% change vs Feb 2019,Cumulative Mar 2019,% cumulative change
0,1.Traffic,1.Traffic,1.Traffic,1.Traffic,1.Traffic,1.Traffic
1,1.RTKs (in millions),2117.2,2.5,11.7,6129.1,5.1
2,Domestic,1132.9,-1.5,6.2,3352.1,3.3
3,International,907.4,7.2,20.1,2550,6.9
4,Regional,77,14.1,5.5,227,14.1
5,2.RPKs (in millions),19117.4,2.6,2.2,57268.1,7
6,Domestic,11237.8,-1.8,-1.5,34100.1,4.2
7,International,7140.2,8.8,9.1,20930.4,11
8,Regional,739.4,15.9,-0.7,2237.5,16.1
9,3.RFTKs(in millions),412,2.8,49.2,1097.4,-1.3
10,Domestic,130.7,-0.4,59.9,361.2,-2.5
11,International,273.6,4.5,44,716.4,-0.6
12,Regional,7.8,-3.1,71.7,19.9,-5.2
13,4.Number of Passengers carried (in thousands),9478.5,1.1,1,28445.4,6.4
14,Domestic,7534,-2.1,-0.2,22738.3,4.1
15,International,1475.3,15.6,8.7,4290.1,16.7
16,Regional,469.2,16.7,-1.4,1417,15.9
17,5.Total Cargo tonnes carried,123193.6,2.7,56.5,333127.8,-0.8
18,Domestic,80401.7,0,61.2,221621.2,-2.5
19,International,37996,9.8,45.8,99344,4.1
20,Regional,4795.9,-3.9,73,12162.5,-6.2
21,2.Capacity,2.Capacity,2.Capacity,2.Capacity,2.Capacity,2.Capacity
22,1.ATKs (in millions),3090.6,3.4,6,9204.8,6.3
23,Domestic,1609.9,-0.9,2.2,4894.3,4
24,International,1372,8.4,11.4,3979.8,8.8
25,Regional,108.8,9.9,-0.9,330.7,11.3
26,2.ASKs (in millions),23695.1,4,6.5,70319,6.6
27,Domestic,13717.7,0.7,3.5,41363.8,5
28,International,9069,8.7,11.9,26223.6,8.8
29,Regional,908.4,11.1,0.6,2731.6,11.6
30,3.AFTKs (in millions),953.3,2.1,4.9,2860.2,5.6
31,Domestic,375.6,-5.6,-1.9,1171.1,1.2
32,International,554.7,8,10.7,1616.5,8.9
33,Regional,22.9,3.8,-6.1,72.6,8.2
34,3.Load Factor,3.Load Factor,3.Load Factor,3.Load Factor,3.Load Factor,3.Load Factor
35,1.Passenger Load Factor(％),80.7,-1.1,-3.3,81.4,0.3
36,Domestic,81.9,-2,-4.2,82.4,-0.6
37,International,78.7,0.1,-2,79.8,1.5
38,Regional,81.4,3.4,-1.1,81.9,3.2
39,2.Cargo load factor(％),43.2,0.3,12.8,38.4,-2.7
40,Domestic,34.8,1.8,13.4,30.8,-1.2
41,International,49.3,-1.7,11.4,44.3,-4.3
42,Regional,34.1,-2.4,15.4,27.3,-3.9
43,3.Overall Load Factor(％),68.5,-0.5,3.5,66.6,-0.7
44,Domestic,70.4,-0.5,2.7,68.5,-0.5
45,International,66.1,-0.7,4.8,64.1,-1.1
46,Regional,70.8,2.6,4.3,68.6,1.7
,Unnamed: 0,Apr 2019,% change vs Apr 2018,% change vs Mar 2019,Cumulative Apr 2019,% cumulative change
0,1.Traffic,1.Traffic,1.Traffic,1.Traffic,1.Traffic,1.Traffic
1,1.RTKs (in millions),2123.7,2.8,0.3,8252.8,4.5
2,Domestic,1101,-0.3,-2.8,4453.1,2.4
3,International,941.3,5.4,3.7,3491.3,6.5
4,Regional,81.4,18.8,5.7,308.4,15.3
5,2.RPKs (in millions),19224.8,4.2,0.6,76492.9,6.3
6,Domestic,10961.3,-0.1,-2.5,45061.4,3.1
7,International,7473,9.8,4.7,28403.4,10.7
8,Regional,790.5,20.4,6.9,3028,17.2
9,3.RFTKs(in millions),415.4,-1.6,0.8,1512.8,-1.4
10,Domestic,126,-1.1,-3.6,487.3,-2.1
11,International,281.5,-2,2.9,997.9,-1
12,Regional,7.9,4.9,0.6,27.7,-2.5
13,4.Number of Passengers carried (in thousands),9350.1,2.1,-1.4,37795.4,5.3
14,Domestic,7371.7,-1,-2.2,30110,2.8
15,International,1477,14.5,0.1,5767.1,16.1
16,Regional,501.4,19.6,6.9,1918.4,16.9
17,5.Total Cargo tonnes carried,120295.1,-0.5,-2.4,453422.8,-0.7
18,Domestic,77280.3,-1.7,-3.9,298901.6,-2.3
19,International,38421.7,2,1.1,137765.7,3.5
20,Regional,4593,0.1,-4.2,16755.5,-4.6
21,2.Capacity,2.Capacity,2.Capacity,2.Capacity,2.Capacity,2.Capacity
22,1.ATKs (in millions),3073.5,4.2,-0.6,12278.3,5.8
23,Domestic,1521.2,-0.7,-5.5,6415.4,2.9
24,International,1433.7,8.5,4.5,5413.5,8.7
25,Regional,118.6,23.4,9,449.4,14.3
26,2.ASKs (in millions),23743.8,4.9,0.2,94062.8,6.2
27,Domestic,13280.5,0.8,-3.2,54644.3,3.9
28,International,9489.4,9.5,4.6,35713,9
29,Regional,973.9,21.3,7.2,3705.5,14
30,3.AFTKs (in millions),931.7,2.8,-2.2,3791.1,4.9
31,Domestic,326.5,-5.8,-13,1496.9,-0.5
32,International,578.6,7.3,4.3,2194.9,8.5
33,Regional,26.6,29.6,16.2,99.3,13.3
34,3.Load Factor,3.Load Factor,3.Load Factor,3.Load Factor,3.Load Factor,3.Load Factor
35,1.Passenger Load Factor(％),81,-0.5,0.3,81.3,0.1
36,Domestic,82.5,-0.8,0.6,82.5,-0.6
37,International,78.8,0.2,0,79.5,1.2
38,Regional,81.2,-0.6,-0.2,81.7,2.2
39,2.Cargo load factor(％),44.6,-2,1.3,39.9,-2.5
40,Domestic,38.6,1.8,3.8,32.6,-0.5
41,International,48.7,-4.6,-0.7,45.5,-4.4
42,Regional,29.5,-7,-4.6,27.9,-4.5
43,3.Overall Load Factor(％),69.1,-1,0.6,67.2,-0.8
44,Domestic,72.4,0.3,2,69.4,-0.3
45,International,65.7,-2,-0.5,64.5,-1.3
46,Regional,68.6,-2.7,-2.1,68.6,0.6
,Unnamed: 0,May 2019,% change vs May 2018,% change vs Apr 2019,Cumulative May 2019,% cumulative change
0,1.Traffic,1.Traffic,1.Traffic,1.Traffic,1.Traffic,1.Traffic
1,1.RTKs (in millions),2151.8,6,1.3,10404.8,4.8
2,Domestic,1120.1,3.2,1.7,5573.2,2.5
3,International,950.8,8.3,1,4442.2,6.9
4,Regional,80.9,19.2,-0.6,389.3,16.1
5,2.RPKs (in millions),19399.9,8.3,0.9,95894,6.7
6,Domestic,11179.4,4.4,2,56240.7,3.4
7,International,7440.2,13.6,-0.4,35844.8,11.3
8,Regional,780.4,20.5,-1.3,3808.4,17.9
9,3.RFTKs(in millions),423.3,-1.6,1.9,1936.2,-1.4
10,Domestic,125.3,-2.9,-0.6,612.5,-2.3
11,International,290.1,-1.2,3.1,1288,-1
12,Regional,8,5.2,1.3,35.7,-0.9
13,4.Number of Passengers carried (in thousands),9494.3,6.7,1.5,47290.4,5.6
14,Domestic,7572.6,4.2,2.7,37682.6,3.1
15,International,1426.5,16.1,-3.4,7194.2,16.1
16,Regional,495.2,21.3,-1.2,2413.6,17.7
17,5.Total Cargo tonnes carried,119981.3,-1.5,-0.3,573404.2,-0.9
18,Domestic,76852.1,-2.8,-0.6,375753.7,-2.4
19,International,38431.9,0.8,0,176197.7,2.9
20,Regional,4697.3,0.9,2.3,21452.8,-3.4
21,2.Capacity,2.Capacity,2.Capacity,2.Capacity,2.Capacity,2.Capacity
22,1.ATKs (in millions),3101.9,4.6,0.9,15380.2,5.5
23,Domestic,1550.5,0.7,1.9,7966,2.4
24,International,1432.4,7.8,-0.1,6845.9,8.5
25,Regional,118.9,22,0.3,568.3,15.8
26,2.ASKs (in millions),24215.9,5.5,2,118278.7,6
27,Domestic,13723.8,2.3,3.3,68368.1,3.6
28,International,9506.4,9.1,0.2,45219.4,9
29,Regional,985.6,20.3,1.2,4691.1,15.3
30,3.AFTKs (in millions),917.5,2.5,-1.4,4707.9,4.4
31,Domestic,315.8,-4.9,-3,1812.1,-1.3
32,International,575.8,6.2,-0.5,2770.7,8
33,Regional,25.9,26.9,-2.9,125.1,15.8
34,3.Load Factor,3.Load Factor,3.Load Factor,3.Load Factor,3.Load Factor,3.Load Factor
35,1.Passenger Load Factor(％),80.1,2.1,-0.9,81.1,0.5
36,Domestic,81.5,1.7,-1.1,82.3,-0.2
37,International,78.3,3.2,-0.5,79.3,1.6
38,Regional,79.2,0.2,-2,81.2,1.8
39,2.Cargo load factor(％),46.1,-1.9,1.5,41.1,-2.4
40,Domestic,39.7,0.8,1,33.8,-0.3
41,International,50.4,-3.7,1.7,46.5,-4.2
42,Regional,30.8,-6.4,1.3,28.5,-4.8
43,3.Overall Load Factor(％),69.4,0.9,0.3,67.7,-0.5
44,Domestic,72.2,1.8,-0.1,70,0.1
45,International,66.4,0.3,0.7,64.9,-1
46,Regional,68,-1.6,-0.6,68.5,0.2
,Unnamed: 0,Jun 2019,% change vs Jun 2018,% change vs May 2019,Cumulative Jun 2019,% cumulative change
0,1.Traffic,1.Traffic,1.Traffic,1.Traffic,1.Traffic,1.Traffic
1,1.RTKs (in millions),2071.3,2.2,-3.7,12476,4.4
2,Domestic,1085.2,0.3,-3.1,6658.4,2.2
3,International,907.2,3.6,-4.6,5349.5,6.3
4,Regional,78.9,16.1,-2.5,468.1,16.1
5,2.RPKs (in millions),18889.5,4.8,-2.6,114783.4,6.4
6,Domestic,10842.5,1.3,-3,67083.2,3
7,International,7287.1,9.2,-2.1,43131.9,10.9
8,Regional,759.9,17,-2.6,4568.3,17.7
9,3.RFTKs(in millions),397.3,-5.8,-6.1,2333.5,-2.2
10,Domestic,122.2,-6.2,-2.5,734.7,-2.9
11,International,267.2,-5.9,-7.9,1555.2,-1.9
12,Regional,7.9,5.2,-0.9,43.6,0.2
13,4.Number of Passengers carried (in thousands),9192.4,2.7,-3.2,56482.8,5.1
14,Domestic,7320.4,0.7,-3.3,45003,2.7
15,International,1383,9.5,-3,8577.2,15
16,Regional,489,18.5,-1.3,2902.6,17.9
17,5.Total Cargo tonnes carried,115310.7,-5.3,-3.9,688714.9,-1.6
18,Domestic,75518.4,-6.1,-1.7,451272.1,-3
19,International,35148.4,-4.3,-8.5,211346.1,1.6
20,Regional,4643.9,1.6,-1.1,26096.7,-2.5
21,2.Capacity,2.Capacity,2.Capacity,2.Capacity,2.Capacity,2.Capacity
22,1.ATKs (in millions),2939.2,2.3,-5.2,18319.4,5
23,Domestic,1457.2,-1.1,-6,9423.2,1.9
24,International,1366.7,4.9,-4.6,8212.6,7.9
25,Regional,115.3,20.2,-3.1,683.6,16.5
26,2.ASKs (in millions),23449.5,4.2,-3.2,141728.2,5.7
27,Domestic,13206.1,1.2,-3.8,81574.2,3.2
28,International,9284.6,7.5,-2.3,54504.1,8.8
29,Regional,958.8,18.3,-2.7,5649.9,15.8
30,3.AFTKs (in millions),824,-2.1,-10.1,5530.7,3.4
31,Domestic,269.6,-9.7,-14.5,2080.6,-2.6
32,International,529.7,1.3,-8,3300.4,6.9
33,Regional,24.7,25.7,-4.6,149.8,17.4
34,3.Load Factor,3.Load Factor,3.Load Factor,3.Load Factor,3.Load Factor,3.Load Factor
35,1.Passenger Load Factor(％),80.6,0.4,0.4,81,0.5
36,Domestic,82.1,0.1,0.6,82.2,-0.1
37,International,78.5,1.2,0.2,79.1,1.5
38,Regional,79.3,-0.9,0.1,80.9,1.3
39,2.Cargo load factor(％),48.2,-1.9,2,42.2,-2.4
40,Domestic,45.3,1.7,5.6,35.3,-0.1
41,International,50.4,-3.8,0.1,47.1,-4.2
42,Regional,32,-6.3,1.2,29.1,-5
43,3.Overall Load Factor(％),70.5,-0.1,1.1,68.1,-0.4
44,Domestic,74.5,1,2.2,70.7,0.2
45,International,66.4,-0.9,0,65.1,-1
46,Regional,68.4,-2.4,0.4,68.5,-0.2
,Unnamed: 0,Jul 2019,% change vs Jul 2018,% change vs Jun 2019,Cumulative Jul 2019,% cumulative change
0,1.Traffic,1.Traffic,1.Traffic,1.Traffic,1.Traffic,1.Traffic
1,1.RTKs (in millions),2189,3.7,5.7,14665.1,4.3
2,Domestic,1182.2,7.6,8.9,7840.6,3
3,International,925.6,-1.4,2,6275.1,5.1
4,Regional,81.3,12,3.1,549.4,15.5
5,2.RPKs (in millions),20418.4,6.4,8.1,135202.5,6.4
6,Domestic,12103.7,8.1,11.6,79186.9,3.8
7,International,7520.8,3.2,3.2,50653.4,9.7
8,Regional,793.8,12.9,4.5,5362.2,17
9,3.RFTKs(in millions),419.1,-4,5.5,2752.6,-2.5
10,Domestic,129.1,5.2,5.6,863.8,-1.8
11,International,282.2,-7.8,5.6,1837.4,-2.9
12,Regional,7.8,1.7,-0.9,51.4,0.4
13,4.Number of Passengers carried (in thousands),10051.2,6.9,9.3,66534.4,5.4
14,Domestic,8092.4,6.8,10.5,53095.4,3.3
15,International,1440.7,5.2,4.2,10018.3,13.5
16,Regional,518.1,13.9,5.9,3420.6,17.3
17,5.Total Cargo tonnes carried,120576.6,0.6,4.6,809291.5,-1.3
18,Domestic,78788.7,4.1,4.3,530060.8,-2
19,International,37216.8,-5.6,5.9,248562.9,0.5
20,Regional,4571.1,-3.2,-1.6,30667.8,-2.7
21,2.Capacity,2.Capacity,2.Capacity,2.Capacity,2.Capacity,2.Capacity
22,1.ATKs (in millions),3147.3,4.9,7.1,21466.7,5
23,Domestic,1621.7,7.8,11.3,11045,2.7
24,International,1407.2,0.7,3,9619.8,6.8
25,Regional,118.4,17.5,2.7,802,16.7
26,2.ASKs (in millions),25165.9,5.6,7.3,166894.1,5.7
27,Domestic,14569.8,7.4,10.3,96144,3.8
28,International,9603.7,2.1,3.4,64107.7,7.7
29,Regional,992.5,16.1,3.5,6642.4,15.8
30,3.AFTKs (in millions),877.2,3,6.6,6406.4,3.3
31,Domestic,311.9,10.1,16.2,2390.9,-1.1
32,International,540.9,-1.3,2.1,3841.3,5.6
33,Regional,24.5,22,-0.8,174.3,18
34,3.Load Factor,3.Load Factor,3.Load Factor,3.Load Factor,3.Load Factor,3.Load Factor
35,1.Passenger Load Factor(％),81.1,0.6,0.6,81,0.5
36,Domestic,83.1,0.5,1,82.4,0
37,International,78.3,0.9,-0.2,79,1.4
38,Regional,80,-2.3,0.7,80.7,0.8
39,2.Cargo load factor(％),47.8,-3.5,-0.5,43,-2.5
40,Domestic,41.4,-1.9,-4.1,36.1,-0.3
41,International,52.2,-3.7,1.7,47.8,-4.2
42,Regional,31.9,-6.4,0,29.5,-5.2
43,3.Overall Load Factor(％),69.6,-0.8,-0.9,68.3,-0.5
44,Domestic,72.9,-0.2,-1.6,71,0.2
45,International,65.8,-1.4,-0.6,65.2,-1.1
46,Regional,68.7,-3.4,0.3,68.5,-0.7
,Unnamed: 0,Aug 2019,% change vs Aug 2018,% change vs Jul 2019,Cumulative Aug 2019,% cumulative change
0,1.Traffic,1.Traffic,1.Traffic,1.Traffic,1.Traffic,1.Traffic
1,1.RTKs (in millions),2238,3.2,2.2,16903,4.1
2,Domestic,1219.7,6.2,3.2,9060.2,3.4
3,International,945.1,0.1,2.1,7220.2,4.4
4,Regional,73.1,-4.3,-10,622.6,12.7
5,2.RPKs (in millions),21296.8,6.1,4.3,156499.2,6.4
6,Domestic,12635.7,6.9,4.4,91822.5,4.2
7,International,7944.4,5.9,5.6,58597.9,9.2
8,Regional,716.7,-4.5,-9.7,6078.8,14
9,3.RFTKs(in millions),401.2,-6.2,-4.3,3153.8,-3
10,Domestic,130.1,2.3,0.8,993.8,-1.3
11,International,265,-9.6,-6.1,2102.3,-3.8
12,Regional,6.2,-15.5,-20.9,57.6,-1.6
13,4.Number of Passengers carried (in thousands),10480,5.7,4.3,77014.2,5.4
14,Domestic,8473.8,5.9,4.7,61569.1,3.6
15,International,1530.4,7.4,6.2,11548.7,12.6
16,Regional,475.7,-1.1,-8.2,3896.3,14.7
17,5.Total Cargo tonnes carried,118674.1,-2.5,-1.6,927966.4,-1.4
18,Domestic,79629.5,1.2,1.1,609691.1,-1.6
19,International,35240.9,-8.5,-5.3,283803.8,-0.7
20,Regional,3803.7,-15.6,-16.8,34471.5,-4.3
21,2.Capacity,2.Capacity,2.Capacity,2.Capacity,2.Capacity,2.Capacity
22,1.ATKs (in millions),3141.3,4.5,-0.2,24608,4.9
23,Domestic,1622.4,7.4,0,12667.3,3.3
24,International,1411.1,1.1,0.3,11030.9,6
25,Regional,107.8,7.1,-8.9,909.8,15.5
26,2.ASKs (in millions),25175.8,5.6,0,192069.8,5.7
27,Domestic,14668.4,7.3,0.7,110812.3,4.3
28,International,9580.1,2.9,-0.2,73687.8,7
29,Regional,927.3,7.1,-6.6,7569.7,14.7
30,3.AFTKs (in millions),869.8,1.7,-0.7,7274.9,3.1
31,Domestic,303.5,8,-2.2,2693,-0.2
32,International,546.7,-1.5,1.1,4388,4.7
33,Regional,19.6,3.5,-19.8,193.9,16.3
34,3.Load Factor,3.Load Factor,3.Load Factor,3.Load Factor,3.Load Factor,3.Load Factor
35,1.Passenger Load Factor(％),84.6,0.4,3.5,81.5,0.5
36,Domestic,86.1,-0.4,3.1,82.9,-0.1
37,International,82.9,2.4,4.6,79.5,1.5
38,Regional,77.3,-9.4,-2.7,80.3,-0.5
39,2.Cargo load factor(％),46.1,-3.9,-1.7,43.4,-2.7
40,Domestic,42.9,-2.4,1.3,36.9,-0.4
41,International,48.5,-4.3,-3.7,47.9,-4.2
42,Regional,31.5,-7.1,-0.4,29.7,-5.4
43,3.Overall Load Factor(％),71.2,-0.9,1.7,68.7,-0.5
44,Domestic,75.2,-0.8,2.3,71.5,0.1
45,International,67,-0.7,1.2,65.5,-1
46,Regional,67.8,-8.1,-0.9,68.4,-1.6
,Unnamed: 0,Sep 2019,% change vs Sep 2018,% change vs Aug 2019,Cumulative Sep 2019,% cumulative change
0,1.Traffic,1.Traffic,1.Traffic,1.Traffic,1.Traffic,1.Traffic
1,1.RTKs (in millions),2097.1,2.2,-6.3,18980.5,3.9
2,Domestic,1161,5.4,-4.8,10201.6,3.6
3,International,880.3,-0.2,-6.9,8100.5,3.9
4,Regional,55.8,-17.8,-23.7,678.4,9.4
5,2.RPKs (in millions),19082.7,5,-10.4,175365.3,6.2
6,Domestic,11446.2,6.5,-9.3,103052.1,4.4
7,International,7091.5,4.7,-10.7,65689.4,8.7
8,Regional,545,-15.7,-24,6623.8,10.8
9,3.RFTKs(in millions),394.7,-7.9,-1.6,3547.5,-3.5
10,Domestic,140.3,-1.7,7.9,1133.2,-1.4
11,International,250.4,-10,-5.5,2352.7,-4.5
12,Regional,4,-47.2,-35.2,61.6,-6.9
13,4.Number of Passengers carried (in thousands),9401.4,5.1,-10.2,86210,5.4
14,Domestic,7689,5.2,-9.2,69052.5,3.8
15,International,1358.9,10.1,-11.2,12907.6,12.4
16,Regional,353.5,-12.3,-25.7,4249.9,11.8
17,5.Total Cargo tonnes carried,123528,-5.4,4.1,1050612.8,-1.9
18,Domestic,86723.6,-2.9,8.9,695533.2,-1.8
19,International,34121.8,-6.6,-3.2,317925.6,-1.4
20,Regional,2682.6,-42.8,-29.5,37154.1,-8.7
21,2.Capacity,2.Capacity,2.Capacity,2.Capacity,2.Capacity,2.Capacity
22,1.ATKs (in millions),3019,3.7,-3.7,27579.2,4.7
23,Domestic,1598.4,7.6,-1.2,14217.9,3.7
24,International,1329,0,-5.8,12359.9,5.3
25,Regional,91.6,-5.6,-15,1001.4,13.1
26,2.ASKs (in millions),23682.6,4.9,-5.8,215415.4,5.6
27,Domestic,13994.5,7.5,-4.4,124469.7,4.5
28,International,8893.5,1.9,-7.2,82581.3,6.5
29,Regional,794.6,-3,-14.3,8364.3,12.7
30,3.AFTKs (in millions),882.1,0.7,1.7,8142.6,2.8
31,Domestic,339.6,8.3,12.8,3018.2,0.6
32,International,526.7,-2.9,-3.7,4914.7,3.8
33,Regional,15.8,-20.1,-19.4,209.7,12.5
34,3.Load Factor,3.Load Factor,3.Load Factor,3.Load Factor,3.Load Factor,3.Load Factor
35,1.Passenger Load Factor(％),80.6,0.1,-4.1,81.4,0.5
36,Domestic,81.8,-0.7,-4.5,82.8,-0.1
37,International,79.7,2.1,-3.2,79.5,1.6
38,Regional,68.6,-10.3,-8.7,79.2,-1.4
39,2.Cargo load factor(％),44.7,-4.2,-1.5,43.6,-2.9
40,Domestic,41.3,-4.2,-1.9,37.5,-0.7
41,International,47.5,-3.7,-0.9,47.9,-4.1
42,Regional,25.3,-13,-6.2,29.4,-6.1
43,3.Overall Load Factor(％),69.5,-1,-1.9,68.8,-0.6
44,Domestic,72.6,-1.5,-2.7,71.8,-0.1
45,International,66.2,-0.1,-0.7,65.5,-0.9
46,Regional,60.9,-9.1,-6.9,67.7,-2.3
,Unnamed: 0,Oct 2019,% change vs Oct 2018,% change vs Sep 2019,Cumulative Oct 2019,% cumulative change
0,1.Traffic,1.Traffic,1.Traffic,1.Traffic,1.Traffic,1.Traffic
1,1.RTKs (in millions),2176,0.8,3.8,21175.2,3.6
2,Domestic,1208.6,2.8,4.2,11428.9,3.5
3,International,907.4,-0.3,3.1,9008,3.5
4,Regional,59.9,-17,7.3,738.3,6.6
5,2.RPKs (in millions),19678.6,2.8,3.2,195242.5,5.9
6,Domestic,12077.3,2.8,5.7,115327.5,4.3
7,International,7011.2,4.6,-1.1,72701.1,8.3
8,Regional,590.1,-14.1,8.3,7213.9,8.2
9,3.RFTKs(in millions),425.9,-6.3,7.9,3974.5,-3.8
10,Domestic,137.1,2.5,-2.4,1271.4,-1
11,International,284.8,-8.9,13.7,2637.6,-5
12,Regional,4,-51.3,0.5,65.6,-11.8
13,4.Number of Passengers carried (in thousands),9814.5,1.2,4.6,96214.5,5
14,Domestic,8082.2,1.3,5.3,77324.4,3.6
15,International,1357.1,5.5,-0.1,14265,11.7
16,Regional,375.2,-12.5,6.1,4625.1,9.3
17,5.Total Cargo tonnes carried,127141.5,-2.5,2.8,1178792.6,-2
18,Domestic,85476.5,2.1,-1.6,782047.9,-1.4
19,International,38919.2,-6.6,14.1,356844.8,-2
20,Regional,2745.8,-46.3,2.4,39899.9,-12.9
21,2.Capacity,2.Capacity,2.Capacity,2.Capacity,2.Capacity,2.Capacity
22,1.ATKs (in millions),3100.8,0.2,2.5,30734.2,4.3
23,Domestic,1673.1,2.2,4.2,15945.2,3.6
24,International,1329.6,-1.6,0,13689.5,4.6
25,Regional,98,-7.9,7,1099.5,10.9
26,2.ASKs (in millions),24101.3,2,1.6,239903.7,5.2
27,Domestic,14314.4,2.8,1.9,139171.1,4.4
28,International,8938.8,1.4,0.5,91520.1,5.9
29,Regional,848.2,-3.8,6.7,9212.5,11
30,3.AFTKs (in millions),925.6,-3.9,4.8,9083.4,2.1
31,Domestic,385.1,0.2,13,3418.5,0.6
32,International,523.2,-5.9,-0.7,5437.9,2.8
33,Regional,17.3,-25.6,9.2,227,8.3
34,3.Load Factor,3.Load Factor,3.Load Factor,3.Load Factor,3.Load Factor,3.Load Factor
35,1.Passenger Load Factor(％),81.6,0.6,1.3,81.4,0.5
36,Domestic,84.4,0,3,82.9,-0.1
37,International,78.4,2.4,-1.3,79.4,1.7
38,Regional,69.6,-8.3,1,78.3,-2
39,2.Cargo load factor(％),46,-1.2,1.3,43.8,-2.7
40,Domestic,35.6,0.8,-5.6,37.2,-0.6
41,International,54.4,-1.8,6.9,48.5,-4
42,Regional,23.3,-12.3,-2,28.9,-6.6
43,3.Overall Load Factor(％),70.2,0.4,0.9,68.9,-0.5
44,Domestic,72.2,0.4,0,71.7,0
45,International,68.2,0.9,2,65.8,-0.7
46,Regional,61.1,-6.8,0.2,67.2,-2.7
,Unnamed: 0,Nov 2019,% change vs Nov 2018,% change vs Oct 2019,Cumulative Nov 2019,% cumulative change
0,1.Traffic,1.Traffic,1.Traffic,1.Traffic,1.Traffic,1.Traffic
1,1.RTKs (in millions),2070.6,2.2,-4.8,23246.1,3.5
2,Domestic,1152.9,4.3,-4.6,12581.8,3.6
3,International,861.4,1.4,-5.1,9869.7,3.3
4,Regional,56.3,-20.9,-6,794.6,4.1
5,2.RPKs (in millions),18654.2,3.9,-5.2,213899.7,5.7
6,Domestic,11344.1,4.6,-6.1,126671.5,4.3
7,International,6753.6,5,-3.7,79457.8,8
8,Regional,556.5,-17.9,-5.7,7770.4,5.8
9,3.RFTKs(in millions),401.8,-4,-5.7,4376.4,-3.9
10,Domestic,139.3,2.3,1.6,1410.6,-0.7
11,International,259.4,-5.5,-8.9,2897,-5
12,Regional,3.2,-58.5,-21.9,68.9,-16.1
13,4.Number of Passengers carried (in thousands),9301,3.2,-5.2,105517.5,4.8
14,Domestic,7578.8,3.4,-6.2,84903.1,3.5
15,International,1368.2,8.6,0.8,15635.4,11.4
16,Regional,353.9,-16.4,-5.7,4979,7
17,5.Total Cargo tonnes carried,126126.4,-1.2,-0.8,1304917.8,-1.9
18,Domestic,87035.1,2.3,1.8,869081.8,-1
19,International,36827.9,-2.9,-5.4,393672.7,-2.1
20,Regional,2263.4,-51.5,-17.6,42163.4,-16.5
21,2.Capacity,2.Capacity,2.Capacity,2.Capacity,2.Capacity,2.Capacity
22,1.ATKs (in millions),3033.4,3.8,-2.2,33767.7,4.3
23,Domestic,1650.9,5.2,-1.3,17596.2,3.7
24,International,1294.7,3.4,-2.6,14984.2,4.5
25,Regional,87.9,-13.5,-10.4,1187.4,8.6
26,2.ASKs (in millions),23458.8,4,-2.7,263362.4,5.1
27,Domestic,14006.1,4.9,-2.2,153177,4.5
28,International,8684.1,3.9,-2.8,100204.2,5.8
29,Regional,768.7,-9.4,-9.4,9981.2,9.1
30,3.AFTKs (in millions),916,3.2,-1,9999,2.2
31,Domestic,390.6,6.4,1.5,3808.9,1.2
32,International,511,2.4,-2.3,5948.8,2.7
33,Regional,14.3,-33.6,-17.3,241.3,4.3
34,3.Load Factor,3.Load Factor,3.Load Factor,3.Load Factor,3.Load Factor,3.Load Factor
35,1.Passenger Load Factor(％),79.5,-0.1,-2.1,81.2,0.4
36,Domestic,81,-0.2,-3.4,82.7,-0.1
37,International,77.8,0.8,-0.7,79.3,1.6
38,Regional,72.4,-7.6,2.8,77.9,-2.4
39,2.Cargo load factor(％),43.9,-3.3,-2.2,43.8,-2.7
40,Domestic,35.7,-1.4,0,37,-0.7
41,International,50.7,-4.3,-3.7,48.7,-4
42,Regional,22.2,-13.3,-1.3,28.5,-6.9
43,3.Overall Load Factor(％),68.3,-1.1,-1.9,68.8,-0.5
44,Domestic,69.8,-0.6,-2.4,71.5,-0.1
45,International,66.5,-1.3,-1.7,65.9,-0.8
46,Regional,64,-5.9,3,66.9,-2.9
,Unnamed: 0,Dec 2019,% change vs Dec 2018,% change vs Nov 2019,Cumulative Dec 2019,% cumulative change
0,1.Traffic,1.Traffic,1.Traffic,1.Traffic,1.Traffic,1.Traffic
1,1.RTKs (in millions),2117.8,2.8,2.3,25363.9,3.4
2,Domestic,1172,6.1,1.7,13753.8,3.8
3,International,885.6,0.6,2.8,10755.3,3
4,Regional,60.2,-19.5,7,854.8,2
5,2.RPKs (in millions),19278.5,5,3.3,233178.1,5.6
6,Domestic,11523.7,6.6,1.6,138195.1,4.5
7,International,7160.8,5,6,86618.6,7.7
8,Regional,594,-17.3,6.7,8364.3,3.7
9,3.RFTKs(in millions),402.4,-5.1,0.1,4778.8,-4
10,Domestic,145,2.6,4.1,1555.6,-0.4
11,International,253.7,-7.7,-2.2,3150.6,-5.2
12,Regional,3.8,-51.1,18,72.6,-19.1
13,4.Number of Passengers carried (in thousands),9491,5,2,115008.4,4.8
14,Domestic,7649.7,5.4,0.9,92552.8,3.7
15,International,1461.2,9.7,6.8,17096.5,11.3
16,Regional,380.1,-15.7,7.4,5359.1,5
17,5.Total Cargo tonnes carried,129317.3,-0.9,2.5,1434235.1,-1.8
18,Domestic,90480.8,2.9,4,959562.6,-0.7
19,International,36238.5,-4.3,-1.6,429911.2,-2.3
20,Regional,2598,-44.7,14.8,44761.4,-18.9
21,2.Capacity,2.Capacity,2.Capacity,2.Capacity,2.Capacity,2.Capacity
22,1.ATKs (in millions),3150.2,4,3.9,36917.8,4.2
23,Domestic,1710.1,6.6,3.6,19306.3,4
24,International,1346.8,2.1,4,16331,4.3
25,Regional,93.2,-11.9,6.1,1280.5,6.8
26,2.ASKs (in millions),24425.5,4.6,4.1,287787.8,5.1
27,Domestic,14484.8,5.7,3.4,167661.8,4.6
28,International,9133.1,4.2,5.2,109337.2,5.6
29,Regional,807.6,-8.6,5.1,10788.8,7.5
30,3.AFTKs (in millions),945.4,2.6,3.2,10944.1,2.2
31,Domestic,406.9,9.9,4.2,4215.6,1.9
32,International,522.5,-1.2,2.2,6471.2,2.4
33,Regional,16.1,-28.4,12.2,257.4,1.5
34,3.Load Factor,3.Load Factor,3.Load Factor,3.Load Factor,3.Load Factor,3.Load Factor
35,1.Passenger Load Factor(％),78.9,0.3,-0.6,81,0.4
36,Domestic,79.6,0.6,-1.4,82.4,-0.1
37,International,78.4,0.6,0.6,79.2,1.5
38,Regional,73.5,-7.8,1.2,77.5,-2.9
39,2.Cargo load factor(％),42.6,-3.4,-1.3,43.7,-2.8
40,Domestic,35.6,-2.5,0,36.9,-0.9
41,International,48.5,-3.4,-2.2,48.7,-3.9
42,Regional,23.5,-10.9,1.2,28.2,-7.2
43,3.Overall Load Factor(％),67.2,-0.8,-1,68.7,-0.5
44,Domestic,68.5,-0.3,-1.3,71.2,-0.1
45,International,65.8,-1,-0.8,65.9,-0.8
46,Regional,64.6,-6,0.5,66.8,-3.2
,Unnamed: 0,Jan 2020,% change vs Jan 2019,% change vs Dec 2019,Cumulative Jan 2020,% cumulative change
0,1.Traffic,1.Traffic,1.Traffic,1.Traffic,1.Traffic,1.Traffic
1,1.RTKs (in millions),1999.2,-5.6,-5.6,1999.2,-5.6
2,Domestic,1098,-4.8,-6.3,1098,-4.8
3,International,841.7,-5.1,-5,841.7,-5.1
4,Regional,59.5,-22.8,-1.2,59.5,-22.8
5,2.RPKs (in millions),18880,-2.9,-2.1,18880,-2.9
6,Domestic,11176.6,-2.4,-3,11176.6,-2.4
7,International,7106,-1.9,-0.8,7106,-1.9
8,Regional,597.3,-20.7,0.6,597.3,-20.7
9,3.RFTKs(in millions),351,-14.2,-12.8,351,-14.2
10,Domestic,123.8,-16.9,-14.6,123.8,-16.9
11,International,224.3,-11.3,-11.6,224.3,-11.3
12,Regional,3,-60.3,-21.1,3,-60.3
13,4.Number of Passengers carried (in thousands),9188.8,-4.1,-3.2,9188.8,-4.1
14,Domestic,7334,-4.2,-4.1,7334,-4.2
15,International,1471.2,0.9,0.7,1471.2,0.9
16,Regional,383.6,-18.7,0.9,383.6,-18.7
17,5.Total Cargo tonnes carried,110836.4,-15.5,-14.3,110836.4,-15.5
18,Domestic,76644.4,-16.1,-15.3,76644.4,-16.1
19,International,32022.8,-9.2,-11.6,32022.8,-9.2
20,Regional,2169.2,-52.8,-16.5,2169.2,-52.8
21,2.Capacity,2.Capacity,2.Capacity,2.Capacity,2.Capacity,2.Capacity
22,1.ATKs (in millions),3221.5,0.8,2.3,3221.5,0.8
23,Domestic,1733.5,1.4,1.4,1733.5,1.4
24,International,1388.7,0.9,3.1,1388.7,0.9
25,Regional,99.3,-11.6,6.5,99.3,-11.6
26,2.ASKs (in millions),24658.3,1.2,1,24658.3,1.2
27,Domestic,14640.1,1.7,1.1,14640.1,1.7
28,International,9170.8,1.3,0.4,9170.8,1.3
29,Regional,847.3,-7.9,4.9,847.3,-7.9
30,3.AFTKs (in millions),995.4,-0.3,5.3,995.4,-0.3
31,Domestic,416.4,0.8,2.4,416.4,0.8
32,International,560.7,0,7.3,560.7,0
33,Regional,18.3,-27.8,13.9,18.3,-27.8
34,3.Load Factor,3.Load Factor,3.Load Factor,3.Load Factor,3.Load Factor,3.Load Factor
35,1.Passenger Load Factor(％),76.6,-3.3,-2.4,76.6,-3.3
36,Domestic,76.3,-3.2,-3.2,76.3,-3.2
37,International,77.5,-2.6,-0.9,77.5,-2.6
38,Regional,70.5,-11.4,-3,70.5,-11.4
39,2.Cargo load factor(％),35.3,-5.7,-7.3,35.3,-5.7
40,Domestic,29.7,-6.3,-5.9,29.7,-6.3
41,International,40,-5.1,-8.5,40,-5.1
42,Regional,16.3,-13.3,-7.2,16.3,-13.3
43,3.Overall Load Factor(％),62.1,-4.2,-5.2,62.1,-4.2
44,Domestic,63.3,-4.1,-5.2,63.3,-4.1
45,International,60.6,-3.9,-5.1,60.6,-3.9
46,Regional,59.9,-8.8,-4.7,59.9,-8.8
,Unnamed: 0,Feb 2020,% change vs Feb 2019,% change vs Jan 2020,Cumulative Feb 2020,% cumulative change
0,1.Traffic,1.Traffic,1.Traffic,1.Traffic,1.Traffic,1.Traffic
1,1.RTKs (in millions),439.4,-76.8,-78,2438.6,-39.2
2,Domestic,195.2,-81.7,-82.2,1293.2,-41.7
3,International,238.2,-68.5,-71.7,1079.9,-34.3
4,Regional,6,-91.7,-89.9,65.5,-56.3
5,2.RPKs (in millions),3651.2,-80.5,-80.7,22531.2,-40.9
6,Domestic,1839.6,-83.9,-83.5,13016.2,-43.1
7,International,1754.8,-73.2,-75.3,8860.8,-35.8
8,Regional,56.8,-92.4,-90.5,654.2,-56.3
9,3.RFTKs(in millions),122,-55.8,-65.2,473.1,-31
10,Domestic,34.9,-57.3,-71.8,158.7,-31.2
11,International,86.2,-54.6,-61.6,310.5,-29.9
12,Regional,0.9,-80.8,-71.3,3.9,-67.7
13,4.Number of Passengers carried (in thousands),1600.6,-82.9,-82.6,10789.4,-43.1
14,Domestic,1255.3,-83.4,-82.9,8589.3,-43.5
15,International,309.3,-77.2,-79,1780.5,-36.8
16,Regional,36,-92.4,-90.6,419.6,-55.7
17,5.Total Cargo tonnes carried,35132.9,-55.4,-68.3,145969.2,-30.5
18,Domestic,22230.3,-55.4,-71,98874.7,-30
19,International,12300.5,-52.8,-61.6,44323.3,-27.8
20,Regional,602,-78.3,-72.2,2771.2,-62.4
21,2.Capacity,2.Capacity,2.Capacity,2.Capacity,2.Capacity,2.Capacity
22,1.ATKs (in millions),945.2,-67.6,-70.7,4166.6,-31.9
23,Domestic,414,-73.7,-76.1,2147.6,-34.6
24,International,512.7,-58.4,-63.1,1901.3,-27.1
25,Regional,18.4,-83.2,-81.4,117.7,-47
26,2.ASKs (in millions),7101.4,-68.1,-71.2,31759.6,-31.9
27,Domestic,3660.9,-72.4,-75,18301,-33.8
28,International,3285.7,-59.5,-64.2,12456.5,-27.4
29,Regional,154.8,-82.9,-81.7,1002.1,-45
30,3.AFTKs (in millions),305.1,-66.4,-69.4,1300.4,-31.8
31,Domestic,84.7,-77.9,-79.7,501.1,-37.1
32,International,216.4,-56.8,-61.4,777.1,-26.8
33,Regional,3.9,-83.9,-78.5,22.2,-55.3
34,3.Load Factor,3.Load Factor,3.Load Factor,3.Load Factor,3.Load Factor,3.Load Factor
35,1.Passenger Load Factor(％),51.4,-32.6,-25.2,70.9,-10.9
36,Domestic,50.2,-35.9,-26.1,71.1,-11.6
37,International,53.4,-27.4,-24.1,71.1,-9.3
38,Regional,36.7,-45.7,-33.8,65.3,-16.9
39,2.Cargo load factor(％),40,9.6,4.7,36.4,0.5
40,Domestic,41.2,19.9,11.5,31.7,2.7
41,International,39.8,1.9,-0.2,40,-1.8
42,Regional,22.1,3.6,5.5,17.5,-6.7
43,3.Overall Load Factor(％),46.5,-18.5,-15.6,58.5,-7.1
44,Domestic,47.1,-20.6,-16.2,60.2,-7.4
45,International,46.5,-14.9,-14.1,56.8,-6.2
46,Regional,32.7,-33.8,-27.2,55.6,-11.9
,Unnamed: 0,Mar 2020,% change vs Mar 2019,% change vs Feb 2020,Cumulative Mar 2020,% cumulative change
0,1.Traffic,1.Traffic,1.Traffic,1.Traffic,1.Traffic,1.Traffic
1,1.RTKs (in millions),630.6,-70.2,43.5,3069.2,-49.9
2,Domestic,442.7,-60.9,126.8,1735.9,-48.2
3,International,183.9,-79.7,-22.8,1263.8,-50.4
4,Regional,4,-94.8,-34,69.5,-69.4
5,2.RPKs (in millions),5061.6,-73.5,38.6,27592.8,-51.8
6,Domestic,4119.8,-63.3,124,17136,-49.7
7,International,924.5,-87.1,-47.3,9785.3,-53.3
8,Regional,17.3,-97.7,-69.7,671.5,-70
9,3.RFTKs(in millions),183.2,-55.5,50.1,656.2,-40.2
10,Domestic,77.9,-40.4,123.2,236.6,-34.5
11,International,102.9,-62.4,19.4,413.3,-42.3
12,Regional,2.4,-69.5,163.3,6.3,-68.4
13,4.Number of Passengers carried (in thousands),2924.2,-69.1,82.7,13713.6,-51.8
14,Domestic,2765.7,-63.3,120.3,11355,-50.1
15,International,146.7,-90.1,-52.6,1927.2,-55.1
16,Regional,11.8,-97.5,-67.3,431.4,-69.6
17,5.Total Cargo tonnes carried,67426.9,-45.3,91.9,213396.5,-35.9
18,Domestic,50163.2,-37.6,125.7,149037.9,-32.8
19,International,15642.6,-58.8,27.2,59966.1,-39.6
20,Regional,1621,-66.2,169.2,4392.4,-63.9
21,2.Capacity,2.Capacity,2.Capacity,2.Capacity,2.Capacity,2.Capacity
22,1.ATKs (in millions),1102.2,-64.3,16.6,5268.8,-42.8
23,Domestic,741.6,-53.9,79.1,2889.2,-41
24,International,347.1,-74.7,-32.3,2248.4,-43.5
25,Regional,13.5,-87.6,-27.2,131.2,-60.3
26,2.ASKs (in millions),8909.2,-62.4,25.5,40668.8,-42.2
27,Domestic,6759.4,-50.7,84.6,25060.4,-39.4
28,International,2052.5,-77.4,-37.5,14509,-44.7
29,Regional,97.3,-89.3,-37.1,1099.4,-59.8
30,3.AFTKs (in millions),299.8,-68.5,-1.7,1600.3,-44.1
31,Domestic,133.5,-64.5,57.6,634.6,-45.9
32,International,162.1,-70.8,-25.1,939.2,-41.9
33,Regional,4.2,-81.5,7,26.5,-63.6
34,3.Load Factor,3.Load Factor,3.Load Factor,3.Load Factor,3.Load Factor,3.Load Factor
35,1.Passenger Load Factor(％),56.8,-23.9,5.4,67.8,-13.6
36,Domestic,60.9,-21,10.7,68.4,-14.1
37,International,45,-33.7,-8.4,67.4,-12.4
38,Regional,17.7,-63.7,-19,61.1,-20.8
39,2.Cargo load factor(％),61.1,17.9,21.1,41,2.7
40,Domestic,58.4,23.6,17.2,37.3,6.5
41,International,63.5,14.1,23.7,44,-0.3
42,Regional,56.3,22.2,33.4,23.7,-3.6
43,3.Overall Load Factor(％),57.2,-11.3,10.7,58.3,-8.3
44,Domestic,59.7,-10.7,12.6,60.1,-8.4
45,International,53,-13.2,6.5,56.2,-7.9
46,Regional,29.6,-41.2,-3.1,53,-15.7
,Unnamed: 0,Apr 2020,% change vs Apr 2019,% change vs Mar 2020,Cumulative Apr 2020,% cumulative change
0,1.Traffic,1.Traffic,1.Traffic,1.Traffic,1.Traffic,1.Traffic
1,1.RTKs (in millions),557.1,-73.8,-11.7,3626.3,-56.1
2,Domestic,419.7,-61.9,-5.2,2155.6,-51.6
3,International,135.5,-85.6,-26.4,1399.3,-59.9
4,Regional,1.9,-97.6,-51.1,71.4,-76.8
5,2.RPKs (in millions),4008.1,-79.2,-20.8,31600.9,-58.7
6,Domestic,3905.6,-64.4,-5.2,21041.6,-53.3
7,International,101.7,-98.6,-89,9887,-65.2
8,Regional,0.8,-99.9,-95.3,672.3,-77.8
9,3.RFTKs(in millions),200.2,-51.8,9.3,856.4,-43.4
10,Domestic,71.9,-43,-7.8,308.5,-36.7
11,International,126.4,-55.1,22.9,539.8,-45.9
12,Regional,1.9,-76.2,-21.6,8.1,-70.6
13,4.Number of Passengers carried (in thousands),2665,-71.5,-8.9,16378.6,-56.7
14,Domestic,2649.1,-64.1,-4.2,14004.1,-53.5
15,International,15.3,-99,-89.6,1942.5,-66.3
16,Regional,0.6,-99.9,-94.9,432,-77.5
17,5.Total Cargo tonnes carried,65417.1,-45.6,-3,278813.6,-38.5
18,Domestic,45735.7,-40.8,-8.8,194773.6,-34.8
19,International,18344.4,-52.3,17.3,78310.5,-43.2
20,Regional,1337.1,-70.9,-17.5,5729.5,-65.8
21,2.Capacity,2.Capacity,2.Capacity,2.Capacity,2.Capacity,2.Capacity
22,1.ATKs (in millions),1131.5,-63.2,2.7,6400.2,-47.9
23,Domestic,638.6,-58,-13.9,3527.7,-45
24,International,483.1,-66.3,39.2,2731.5,-49.5
25,Regional,9.8,-91.7,-27.1,141,-68.6
26,2.ASKs (in millions),6128.4,-74.2,-31.2,46797.2,-50.2
27,Domestic,5849.2,-56,-13.5,30909.6,-43.4
28,International,257.9,-97.3,-87.4,14766.8,-58.7
29,Regional,21.3,-97.8,-78.1,1120.7,-69.8
30,3.AFTKs (in millions),580,-37.7,93.5,2180.3,-42.5
31,Domestic,112.5,-65.5,-15.7,747.1,-50.1
32,International,459.8,-20.5,183.7,1399,-36.3
33,Regional,7.7,-70.9,83.2,34.2,-65.5
34,3.Load Factor,3.Load Factor,3.Load Factor,3.Load Factor,3.Load Factor,3.Load Factor
35,1.Passenger Load Factor(％),65.4,-15.6,8.6,67.5,-13.8
36,Domestic,66.8,-15.8,5.8,68.1,-14.4
37,International,39.4,-39.3,-5.6,67,-12.6
38,Regional,3.8,-77.3,-13.9,60,-21.7
39,2.Cargo load factor(％),34.5,-10.1,-26.6,39.3,-0.6
40,Domestic,63.9,25.3,5.5,41.3,8.8
41,International,27.5,-21.2,-36,38.6,-6.9
42,Regional,24.1,-5.4,-32.2,23.8,-4.1
43,3.Overall Load Factor(％),49.2,-19.9,-8,56.7,-10.6
44,Domestic,65.7,-6.6,6,61.1,-8.3
45,International,28,-37.6,-25,51.2,-13.3
46,Regional,19.9,-48.8,-9.7,50.7,-18
,Unnamed: 0,May 2020,% change vs May 2019,% change vs Apr 2020,Cumulative May 2020,% cumulative change
0,1.Traffic,1.Traffic,1.Traffic,1.Traffic,1.Traffic,1.Traffic
1,1.RTKs (in millions),833.5,-61.3,49.6,4459.8,-57.1
2,Domestic,605.1,-46,44.2,2760.7,-50.5
3,International,226.4,-76.2,67.2,1625.7,-63.4
4,Regional,2,-97.5,2.2,73.4,-81.1
5,2.RPKs (in millions),5996.2,-69.1,49.6,37597.1,-60.8
6,Domestic,5821.6,-47.9,49.1,26863.2,-52.2
7,International,173.6,-97.7,70.7,10060.5,-71.9
8,Regional,1.1,-99.9,29.8,673.4,-82.3
9,3.RFTKs(in millions),298.7,-29.4,49.2,1155.1,-40.3
10,Domestic,85.8,-31.5,19.4,394.3,-35.6
11,International,211,-27.3,66.9,750.8,-41.7
12,Regional,1.9,-76.3,1,10,-71.9
13,4.Number of Passengers carried (in thousands),4070.2,-57.1,52.7,20448.8,-56.8
14,Domestic,4044.1,-46.6,52.7,18048.2,-52.1
15,International,25.5,-98.2,66.5,1968,-72.6
16,Regional,0.6,-99.9,2.9,432.6,-82.1
17,5.Total Cargo tonnes carried,83575.4,-30.3,27.8,362389,-36.8
18,Domestic,54802.1,-28.7,19.8,249575.7,-33.6
19,International,27449.9,-28.6,49.6,105760.4,-40
20,Regional,1323.5,-71.8,-1,7052.9,-67.1
21,2.Capacity,2.Capacity,2.Capacity,2.Capacity,2.Capacity,2.Capacity
22,1.ATKs (in millions),1817.7,-41.4,60.7,8217.9,-46.6
23,Domestic,935.2,-39.7,46.5,4462.9,-44
24,International,873,-39.1,80.7,3604.5,-47.3
25,Regional,9.5,-92,-3.2,150.5,-73.5
26,2.ASKs (in millions),8889.2,-63.3,45,55686.4,-52.9
27,Domestic,8487.5,-38.2,45.1,39397.2,-42.4
28,International,376.5,-96,46,15143.4,-66.5
29,Regional,25.1,-97.5,17.8,1145.9,-75.6
30,3.AFTKs (in millions),1018,11,75.5,3198.3,-32.1
31,Domestic,172,-45.5,52.9,919.1,-49.3
32,International,839,45.7,82.5,2238,-19.2
33,Regional,7,-72.9,-9.5,41.2,-67
34,3.Load Factor,3.Load Factor,3.Load Factor,3.Load Factor,3.Load Factor,3.Load Factor
35,1.Passenger Load Factor(％),67.5,-12.7,2.1,67.5,-13.6
36,Domestic,68.6,-12.9,1.8,68.2,-14.1
37,International,46.1,-32.2,6.7,66.4,-12.8
38,Regional,4.2,-75,0.4,58.8,-22.4
39,2.Cargo load factor(％),29.3,-16.8,-5.2,36.1,-5
40,Domestic,49.9,10.2,-14,42.9,9.1
41,International,25.1,-25.2,-2.3,33.5,-12.9
42,Regional,26.9,-3.9,2.8,24.3,-4.2
43,3.Overall Load Factor(％),45.9,-23.5,-3.4,54.3,-13.4
44,Domestic,64.7,-7.5,-1,61.9,-8.1
45,International,25.9,-40.4,-2.1,45.1,-19.8
46,Regional,21,-47.1,1.1,48.8,-19.7
,Unnamed: 0,Jun 2020,% change vs Jun 2019,% change vs May 2020,Cumulative Jun 2020,% cumulative change
0,1.Traffic,1.Traffic,1.Traffic,1.Traffic,1.Traffic,1.Traffic
1,1.RTKs (in millions),895,-56.8,7.4,5354.9,-57.1
2,Domestic,664.8,-38.7,9.9,3425.5,-48.6
3,International,227.6,-74.9,0.5,1853.4,-65.4
4,Regional,2.6,-96.7,28.9,76,-83.8
5,2.RPKs (in millions),6624.9,-64.9,10.5,44222,-61.5
6,Domestic,6384.7,-41.1,9.7,33247.9,-50.4
7,International,239.4,-96.7,38,10300,-76.1
8,Regional,0.8,-99.9,-25.6,674.2,-85.2
9,3.RFTKs(in millions),303.8,-23.5,1.7,1459,-37.5
10,Domestic,94.9,-22.3,10.7,489.3,-33.4
11,International,206.4,-22.8,-2.2,957.2,-38.4
12,Regional,2.5,-68.5,31.9,12.5,-71.3
13,4.Number of Passengers carried (in thousands),4457,-51.5,9.5,24905.8,-55.9
14,Domestic,4420.5,-39.6,9.3,22468.6,-50.1
15,International,35.9,-97.4,40.9,2003.9,-76.6
16,Regional,0.6,-99.9,5.9,433.2,-85.1
17,5.Total Cargo tonnes carried,88501.5,-23.2,5.8,450950.7,-34.5
18,Domestic,59883.9,-20.7,9.3,309459.6,-31.4
19,International,26979.8,-23.2,-1.9,132800.4,-37.2
20,Regional,1637.8,-64.7,23.7,8690.7,-66.7
21,2.Capacity,2.Capacity,2.Capacity,2.Capacity,2.Capacity,2.Capacity
22,1.ATKs (in millions),1725.1,-41.3,-5.1,9943,-45.7
23,Domestic,1019.7,-30,9,5482.7,-41.8
24,International,692.4,-49.3,-20.7,4296.9,-47.7
25,Regional,13,-88.8,36.4,163.4,-76.1
26,2.ASKs (in millions),9879.6,-57.9,11.1,65566,-53.7
27,Domestic,9461.7,-28.4,11.5,48858.9,-40.1
28,International,390,-95.8,3.6,15533.4,-71.5
29,Regional,27.8,-97.1,10.7,1173.7,-79.2
30,3.AFTKs (in millions),836.9,1.6,-17.8,4035.2,-27.1
31,Domestic,169.5,-37.1,-1.4,1088.6,-47.8
32,International,657.2,24.1,-21.7,2895.2,-12.3
33,Regional,10.2,-58.7,45.3,51.4,-65.7
34,3.Load Factor,3.Load Factor,3.Load Factor,3.Load Factor,3.Load Factor,3.Load Factor
35,1.Passenger Load Factor(％),67.1,-13.5,-0.4,67.4,-13.5
36,Domestic,67.5,-14.6,-1.1,68,-14.2
37,International,61.4,-17.1,15.3,66.3,-12.8
38,Regional,2.8,-76.4,-1.4,57.4,-23.4
39,2.Cargo load factor(％),36.3,-11.9,7,36.2,-6
40,Domestic,56,10.7,6.1,44.9,9.7
41,International,31.4,-19.1,6.2,33.1,-14.1
42,Regional,24.4,-7.6,-2.5,24.3,-4.7
43,3.Overall Load Factor(％),51.9,-18.6,6,53.9,-14.2
44,Domestic,65.2,-9.3,0.5,62.5,-8.2
45,International,32.9,-33.5,6.9,43.1,-22
46,Regional,19.8,-48.6,-1.1,46.5,-22
,Unnamed: 0,Jul 2020,% change vs Jul 2019,% change vs Jun 2020,Cumulative Jul 2020,% cumulative change
0,1.Traffic,1.Traffic,1.Traffic,1.Traffic,1.Traffic,1.Traffic
1,1.RTKs (in millions),1062.7,-51.5,18.6,6419.7,-56.2
2,Domestic,833.2,-29.5,25.3,4258.9,-45.7
3,International,227.1,-75.5,-0.7,2082.4,-66.8
4,Regional,2.5,-97,-4.2,78.4,-85.7
5,2.RPKs (in millions),8573.8,-58,29.4,52795.9,-61
6,Domestic,8342.7,-31.1,30.7,41590.6,-47.5
7,International,229.3,-97,-4.2,10529.3,-79.2
8,Regional,1.8,-99.8,130.6,676,-87.4
9,3.RFTKs(in millions),307.2,-26.7,0.7,1768.3,-35.8
10,Domestic,98.2,-23.9,3.2,587.6,-32
11,International,206.8,-26.7,-0.3,1165.9,-36.5
12,Regional,2.3,-70.9,-8.5,14.8,-71.2
13,4.Number of Passengers carried (in thousands),5837.8,-41.9,31,30743.5,-53.8
14,Domestic,5798.6,-28.3,31.2,28267.3,-46.8
15,International,37.5,-97.4,4.4,2041.4,-79.6
16,Regional,1.7,-99.7,157.6,434.9,-87.3
17,5.Total Cargo tonnes carried,91556.7,-24.1,2.9,543331,-32.9
18,Domestic,61637.6,-21.8,2.8,371169.7,-30
19,International,28343.9,-23.8,3.5,161894.8,-34.9
20,Regional,1575.3,-65.5,-3.8,10266.5,-66.5
21,2.Capacity,2.Capacity,2.Capacity,2.Capacity,2.Capacity,2.Capacity
22,1.ATKs (in millions),1889.2,-40,9.5,11832.3,-44.9
23,Domestic,1280.9,-21,25.6,6763.6,-38.8
24,International,599.3,-57.4,-13.5,4896.2,-49.1
25,Regional,9,-92.4,-30.1,172.5,-78.5
26,2.ASKs (in millions),11963.3,-52.5,21.1,77529.3,-53.5
27,Domestic,11545.6,-20.8,22,60404.5,-37.2
28,International,397.9,-95.9,2,15931.3,-75.1
29,Regional,19.8,-98,-28.9,1193.4,-82
30,3.AFTKs (in millions),813.8,-7.2,-2.8,4849,-24.4
31,Domestic,243.4,-21.9,43.6,1332,-44.4
32,International,563.3,4.2,-14.3,3458.5,-10
33,Regional,7.1,-71.1,-30.6,58.5,-66.4
34,3.Load Factor,3.Load Factor,3.Load Factor,3.Load Factor,3.Load Factor,3.Load Factor
35,1.Passenger Load Factor(％),71.7,-9.5,4.6,68.1,-12.9
36,Domestic,72.3,-10.8,4.8,68.9,-13.5
37,International,57.6,-20.7,-3.8,66.1,-12.9
38,Regional,9.2,-70.8,6.4,56.6,-24.1
39,2.Cargo load factor(％),37.7,-10,1.3,36.5,-6.5
40,Domestic,40.3,-1.1,-15.8,44.1,8.1
41,International,36.7,-15.5,5.2,33.7,-14.1
42,Regional,32.2,0.3,7.8,25.3,-4.2
43,3.Overall Load Factor(％),56.3,-13.3,4.3,54.3,-14.1
44,Domestic,65,-7.9,-0.2,63,-8
45,International,37.9,-27.9,4.9,42.5,-22.7
46,Regional,27.2,-41.5,7.4,45.5,-23
,Unnamed: 0,Aug 2020,% change vs Aug 2019,% change vs Jul 2020,Cumulative Aug 2020,% cumulative change
0,1.Traffic,1.Traffic,1.Traffic,1.Traffic,1.Traffic,1.Traffic
1,1.RTKs (in millions),1239.1,-44.6,16.6,7658.8,-54.7
2,Domestic,1027.1,-15.8,23.3,5286,-41.7
3,International,208.9,-77.9,-8,2291.2,-68.3
4,Regional,3.1,-95.7,27.4,81.6,-86.9
5,2.RPKs (in millions),10769.1,-49.4,25.6,63565,-59.4
6,Domestic,10481.7,-17,25.6,52072.3,-43.3
7,International,282.2,-96.4,23.1,10811.5,-81.6
8,Regional,5.2,-99.3,188.4,681.2,-88.8
9,3.RFTKs(in millions),295.9,-26.2,-3.7,2064.2,-34.5
10,Domestic,109.3,-16,11.3,696.9,-29.9
11,International,184,-30.5,-11,1349.9,-35.8
12,Regional,2.6,-57.8,14.5,17.4,-69.8
13,4.Number of Passengers carried (in thousands),7316.6,-30.2,25.3,38060.1,-50.6
14,Domestic,7267.6,-14.2,25.3,35534.9,-42.3
15,International,45.2,-97.1,20.5,2086.5,-81.9
16,Regional,3.9,-99.2,130.3,438.8,-88.7
17,5.Total Cargo tonnes carried,97285.2,-18,6.3,640615.5,-31
18,Domestic,69647.9,-12.5,13,440817.5,-27.7
19,International,25786.1,-26.8,-9,187680.8,-33.9
20,Regional,1851.2,-51.3,17.5,12117.2,-64.8
21,2.Capacity,2.Capacity,2.Capacity,2.Capacity,2.Capacity,2.Capacity
22,1.ATKs (in millions),2101.4,-33.1,11.2,13933.7,-43.4
23,Domestic,1577.4,-2.8,23.1,8341,-34.2
24,International,512.3,-63.7,-14.5,5408.5,-51
25,Regional,11.7,-89.1,29.8,184.2,-79.8
26,2.ASKs (in millions),14765.1,-41.4,23.4,92294.4,-51.9
27,Domestic,14171.6,-3.4,11.7,74576.1,-32.7
28,International,549.4,-94.3,38.1,16480.7,-77.6
29,Regional,44.1,-95.2,123.3,1237.6,-83.7
30,3.AFTKs (in millions),775.1,-10.9,-4.8,5624.1,-22.8
31,Domestic,305.1,0.5,25.3,1637.1,-39.3
32,International,462.7,-15.4,-17.9,3921.2,-10.6
33,Regional,7.3,-62.7,3.6,65.8,-66.1
34,3.Load Factor,3.Load Factor,3.Load Factor,3.Load Factor,3.Load Factor,3.Load Factor
35,1.Passenger Load Factor(％),72.9,-11.7,1.3,68.9,-12.6
36,Domestic,74,-12.2,1.7,69.8,-13
37,International,51.4,-31.6,-6.3,65.6,-13.9
38,Regional,11.9,-65.4,2.7,55,-25.3
39,2.Cargo load factor(％),38.2,-7.9,0.4,36.7,-6.6
40,Domestic,35.8,-7,-4.5,42.6,5.7
41,International,39.8,-8.7,3.1,34.4,-13.5
42,Regional,35.6,4.1,3.4,26.4,-3.2
43,3.Overall Load Factor(％),59,-12.3,2.7,55,-13.7
44,Domestic,65.1,-10.1,0.1,63.4,-8.2
45,International,40.8,-26.2,2.9,42.4,-23.1
46,Regional,26.7,-41.1,-0.5,44.3,-24.2
,Unnamed: 0,Sep 2020,% change vs Sep 2019,% change vs Aug 2020,Cumulative Sep 2020,% cumulative change
0,1.Traffic,1.Traffic,1.Traffic,1.Traffic,1.Traffic,1.Traffic
1,1.RTKs (in millions),1398.1,-33.3,12.8,9056.9,-52.3
2,Domestic,1165.2,0.4,13.4,6451.2,-36.9
3,International,228.8,-74,9.6,2520.1,-68.9
4,Regional,4.1,-92.7,29.4,85.6,-87.4
5,2.RPKs (in millions),11702.5,-38.6,8.7,75267.5,-57.1
6,Domestic,11443.7,0.1,9.2,63516,-38.5
7,International,244.3,-96.6,-13.4,11055.8,-83.2
8,Regional,14.5,-97.3,175.5,695.7,-89.5
9,3.RFTKs(in millions),351.6,-10.9,18.8,2415.9,-31.9
10,Domestic,141.8,0.9,29.7,838.6,-26.1
11,International,207.3,-17.2,12.6,1557.2,-33.8
12,Regional,2.6,-34.6,0.4,20,-67.5
13,4.Number of Passengers carried (in thousands),7824,-16.6,6.9,45884.2,-46.9
14,Domestic,7775.7,1.3,7,43310.6,-37.4
15,International,39,-97.1,-13.7,2125.5,-83.5
16,Regional,9.4,-97.3,143.7,448.2,-89.5
17,5.Total Cargo tonnes carried,120448.1,-2.6,23.8,761063.7,-27.6
18,Domestic,89291.5,2.8,28.2,530109,-23.9
19,International,29280.1,-14.2,13.6,216960.9,-31.8
20,Regional,1876.5,-30,1.4,13993.7,-62.3
21,2.Capacity,2.Capacity,2.Capacity,2.Capacity,2.Capacity,2.Capacity
22,1.ATKs (in millions),2273.1,-24.9,8.2,16206.8,-41.4
23,Domestic,1697,5.7,7.6,10038,-29.7
24,International,560.5,-57.8,9.4,5969,-51.7
25,Regional,15.6,-83,32.7,199.8,-80
26,2.ASKs (in millions),15460.9,-34.9,4.7,107755.3,-50.1
27,Domestic,14825.1,5.6,4.6,89401.1,-28.4
28,International,547.6,-93.8,-0.3,17028.3,-79.4
29,Regional,88.3,-88.9,100,1325.9,-84.1
30,3.AFTKs (in millions),882.5,-0.2,13.9,6506.6,-20.3
31,Domestic,364.6,6.8,19.5,2001.6,-34.2
32,International,511.1,-3,10.5,4432.3,-9.8
33,Regional,6.9,-56.6,-6.2,72.7,-65.3
34,3.Load Factor,3.Load Factor,3.Load Factor,3.Load Factor,3.Load Factor,3.Load Factor
35,1.Passenger Load Factor(％),75.7,-4.6,2.8,69.9,-11.5
36,Domestic,77.2,-4.2,3.2,71,-11.6
37,International,44.6,-35.1,-6.7,64.9,-14.6
38,Regional,16.4,-52.2,4.5,52.5,-26.7
39,2.Cargo load factor(％),39.8,-4.8,1.7,37.1,-6.3
40,Domestic,38.9,-2.2,3.1,41.9,4.6
41,International,40.6,-7,0.8,35.1,-12.7
42,Regional,38.1,12.8,2.5,27.6,-1.8
43,3.Overall Load Factor(％),61.5,-7.8,2.5,55.9,-12.9
44,Domestic,68.7,-3.6,3.5,64.3,-7.3
45,International,40.8,-25.4,0.1,42.2,-23.3
46,Regional,26,-34.9,-0.7,42.9,-24.9
,Unnamed: 0,Oct 2020,% change vs Oct 2019,% change vs Sep 2020,Cumulative Oct 2020,% cumulative change
0,1.Traffic,1.Traffic,1.Traffic,1.Traffic,1.Traffic,1.Traffic
1,1.RTKs (in millions),1505.6,-30.8,7.7,10562.5,-50.1
2,Domestic,1232.4,2,5.8,7683.6,-32.8
3,International,263.4,-71,15.1,2783.5,-69.1
4,Regional,9.8,-83.6,142.4,95.5,-87.1
5,2.RPKs (in millions),12735.9,-35.3,8.8,88003.4,-54.9
6,Domestic,12388.2,2.6,8.3,75904.2,-34.2
7,International,271.3,-96.1,11.1,11327.1,-84.4
8,Regional,76.4,-87.1,428.4,772,-89.3
9,3.RFTKs(in millions),372.9,-12.4,6,2788.8,-29.8
10,Domestic,131.3,-4.2,-7.4,969.9,-23.7
11,International,239.4,-15.9,15.5,1796.6,-31.9
12,Regional,2.2,-44.7,-15,22.3,-66.1
13,4.Number of Passengers carried (in thousands),8463.4,-13.8,8.2,54347.5,-43.5
14,Domestic,8372.3,3.6,7.7,51682.8,-33.2
15,International,42.9,-96.8,10,2168.3,-84.8
16,Regional,48.3,-87.1,414.3,496.4,-89.3
17,5.Total Cargo tonnes carried,116652.8,-8.2,-3.2,877716.5,-25.5
18,Domestic,83168,-2.7,-6.9,613277,-21.6
19,International,31966.7,-17.8,9.2,248927.7,-30.2
20,Regional,1518.1,-44.7,-19.1,15511.8,-61.1
21,2.Capacity,2.Capacity,2.Capacity,2.Capacity,2.Capacity,2.Capacity
22,1.ATKs (in millions),2574.7,-17,13.3,18781.5,-38.9
23,Domestic,1947.2,16.4,14.7,11985.3,-24.8
24,International,603.6,-54.6,7.7,6572.5,-52
25,Regional,23.9,-75.6,53.6,223.7,-79.7
26,2.ASKs (in millions),17067.3,-29.2,10.4,124822.6,-48
27,Domestic,16279.9,13.7,9.8,105681.1,-24.1
28,International,608.9,-93.2,11.2,17637.2,-80.7
29,Regional,178.5,-79,102.2,1504.4,-83.7
30,3.AFTKs (in millions),1037.9,12.1,17.6,7544.6,-17
31,Domestic,483,25.4,32.5,2484.6,-27.5
32,International,548.7,4.9,7.4,4981,-8.4
33,Regional,6.3,-63.7,-8.8,79,-65.2
34,3.Load Factor,3.Load Factor,3.Load Factor,3.Load Factor,3.Load Factor,3.Load Factor
35,1.Passenger Load Factor(％),74.6,-7,-1.1,70.5,-10.9
36,Domestic,76.1,-8.3,-1.1,71.8,-11
37,International,44.6,-33.9,-0.1,64.2,-15.2
38,Regional,42.8,-26.8,26.4,51.3,-27
39,2.Cargo load factor(％),35.9,-10.1,-3.9,37,-6.8
40,Domestic,27.2,-8.4,-11.7,39,1.9
41,International,43.6,-10.8,3.1,36.1,-12.4
42,Regional,35.5,12.2,-2.6,28.2,-0.7
43,3.Overall Load Factor(％),58.5,-11.7,-3,56.2,-12.7
44,Domestic,63.3,-8.9,-5.4,64.1,-7.6
45,International,43.6,-24.6,2.8,42.4,-23.5
46,Regional,41.1,-20,15.1,42.7,-24.5
,Unnamed: 0,Nov 2020,% change vs Nov 2019,% change vs Oct 2020,Cumulative Nov 2020,% cumulative change
0,1.Traffic,1.Traffic,1.Traffic,1.Traffic,1.Traffic,1.Traffic
1,1.RTKs (in millions),1441.9,-30.4,-4.2,12004.4,-48.4
2,Domestic,1128.3,-2.1,-8.4,8811.9,-30
3,International,302.4,-64.9,14.8,3085.8,-68.7
4,Regional,11.2,-80.1,14.1,106.7,-86.6
5,2.RPKs (in millions),11468.6,-38.5,-10,99472,-53.5
6,Domestic,11160.8,-1.6,-9.9,87065.1,-31.3
7,International,225.2,-96.7,-17,11552.3,-85.5
8,Regional,82.6,-85.2,8.2,854.6,-89
9,3.RFTKs(in millions),415.2,3.3,11.3,3204,-26.8
10,Domestic,129.7,-6.8,-1.2,1099.7,-22
11,International,282.5,8.9,18,2079.1,-28.2
12,Regional,3,-6.4,34.5,25.2,-63.3
13,4.Number of Passengers carried (in thousands),7554.2,-18.8,-10.7,61901.7,-41.3
14,Domestic,7465.5,-1.5,-10.8,59148.3,-30.3
15,International,37.6,-97.3,-12.3,2205.9,-85.9
16,Regional,51.1,-85.6,5.8,547.5,-89
17,5.Total Cargo tonnes carried,121113.5,-4,3.8,998830,-23.5
18,Domestic,81618,-6.2,-1.9,694895,-20
19,International,37445.5,1.7,17.1,286373.2,-27.3
20,Regional,2050,-9.4,35,17561.8,-58.3
21,2.Capacity,2.Capacity,2.Capacity,2.Capacity,2.Capacity,2.Capacity
22,1.ATKs (in millions),2573.7,-15.2,0,21355.3,-36.8
23,Domestic,1828.7,10.8,-6.1,13814,-21.5
24,International,719.7,-44.4,19.2,7292.2,-51.3
25,Regional,25.3,-71.2,5.9,249.1,-79
26,2.ASKs (in millions),15910.1,-32.2,-6.8,140732.7,-46.6
27,Domestic,15198.7,8.5,-6.6,120879.8,-21.1
28,International,538.4,-93.8,-11.6,18175.6,-81.9
29,Regional,173,-77.5,-3.1,1677.3,-83.2
30,3.AFTKs (in millions),1140.6,24.5,9.9,8685.2,-13.2
31,Domestic,461.3,18.1,-4.5,2945.9,-22.8
32,International,671.1,31.3,22.3,5652.2,-5
33,Regional,8.2,-42.7,30.9,87.2,-63.9
34,3.Load Factor,3.Load Factor,3.Load Factor,3.Load Factor,3.Load Factor,3.Load Factor
35,1.Passenger Load Factor(％),72.1,-7.4,-2.5,70.7,-10.5
36,Domestic,73.4,-7.6,-2.7,72,-10.7
37,International,41.8,-35.9,-2.7,63.6,-15.7
38,Regional,47.8,-24.6,5,51,-26.9
39,2.Cargo load factor(％),36.4,-7.5,0.5,36.9,-6.8
40,Domestic,28.1,-7.5,0.9,37.3,0.4
41,International,42.1,-8.7,-1.5,36.8,-11.9
42,Regional,36.5,14.2,1,29,0.5
43,3.Overall Load Factor(％),56,-12.2,-2.5,56.2,-12.6
44,Domestic,61.7,-8.1,-1.6,63.8,-7.7
45,International,42,-24.5,-1.6,42.3,-23.6
46,Regional,44.3,-19.7,3.2,42.8,-24.1
,Unnamed: 0,Dec 2020,% change vs Dec 2019,% change vs Nov 2020,Cumulative Dec 2020,% cumulative change
0,1.Traffic,1.Traffic,1.Traffic,1.Traffic,1.Traffic,1.Traffic
1,1.RTKs (in millions),1278.3,-39.6,-11.3,13282.8,-47.6
2,Domestic,1028.3,-12.3,-8.9,9840.3,-28.5
3,International,236.7,-73.3,-21.7,3322.6,-69.1
4,Regional,13.3,-78,18.2,119.9,-86
5,2.RPKs (in millions),10360.5,-46.3,-9.7,109832.5,-52.9
6,Domestic,10055.2,-12.7,-9.9,97120.3,-29.7
7,International,201.2,-97.2,-10.7,11753.5,-86.4
8,Regional,104.1,-82.5,26,958.7,-88.5
9,3.RFTKs(in millions),351.5,-12.6,-15.3,3555.5,-25.6
10,Domestic,129.7,-10.5,0,1229.4,-21
11,International,218.9,-13.7,-22.5,2298,-27.1
12,Regional,2.9,-23.3,-3.3,28.1,-61.2
13,4.Number of Passengers carried (in thousands),6789.8,-28.5,-10.1,68691.5,-40.3
14,Domestic,6690.4,-12.5,-10.4,65838.8,-28.9
15,International,35.7,-97.6,-5.1,2241.6,-86.9
16,Regional,63.7,-83.2,24.7,611.2,-88.6
17,5.Total Cargo tonnes carried,114545.3,-11.4,-5.4,1113375.3,-22.4
18,Domestic,81728.3,-9.7,0.1,776623.3,-19.1
19,International,30881.7,-14.8,-17.5,317254.9,-26.2
20,Regional,1935.4,-25.5,-5.6,19497.1,-56.4
21,2.Capacity,2.Capacity,2.Capacity,2.Capacity,2.Capacity,2.Capacity
22,1.ATKs (in millions),2327.2,-26.1,-9.6,23682.5,-35.9
23,Domestic,1748.3,2.2,-4.4,15562.3,-19.4
24,International,551.2,-59.1,-23.4,7843.4,-52
25,Regional,27.7,-70.3,9.3,276.7,-78.4
26,2.ASKs (in millions),15329.5,-37.2,-3.6,156062.2,-45.8
27,Domestic,14672.1,1.3,-3.5,135551.9,-19.2
28,International,467.9,-94.9,-13.1,18643.4,-82.9
29,Regional,189.6,-76.5,9.6,1866.9,-82.7
30,3.AFTKs (in millions),946.1,0.1,-17.1,9631.3,-12.1
31,Domestic,428.2,5.2,-7.2,3374,-20.1
32,International,509,-2.6,-24.2,6161.2,-4.8
33,Regional,8.9,-44.6,8.6,96.1,-62.7
34,3.Load Factor,3.Load Factor,3.Load Factor,3.Load Factor,3.Load Factor,3.Load Factor
35,1.Passenger Load Factor(％),67.6,-11.3,-4.5,70.4,-10.6
36,Domestic,68.5,-11,-4.9,71.6,-10.8
37,International,43,-35.4,1.2,63,-16.2
38,Regional,54.9,-18.6,7.2,51.4,-26.2
39,2.Cargo load factor(％),37.2,-5.4,0.8,36.9,-6.7
40,Domestic,30.3,-5.3,2.2,36.4,-0.4
41,International,43,-5.5,0.9,37.3,-11.4
42,Regional,32.5,9,-4,29.3,1.1
43,3.Overall Load Factor(％),54.9,-12.3,-1.1,56.1,-12.6
44,Domestic,58.8,-9.7,-2.9,63.2,-8
45,International,43,-22.8,0.9,42.4,-23.5
46,Regional,47.9,-16.6,3.6,43.3,-23.4
,Unnamed: 0,Jan 2021,% change vs Jan 2020,% change vs Dec 2020,Cumulative Jan 2021,% cumulative change
0,1.Traffic,1.Traffic,1.Traffic,1.Traffic,1.Traffic,1.Traffic
1,1.RTKs (in millions),910.9,-54.4,-28.7,910.9,-54.4
2,Domestic,683.8,-37.7,-33.5,683.8,-37.7
3,International,217.6,-74.1,-8.1,217.6,-74.1
4,Regional,9.6,-83.9,-27.7,9.6,-83.9
5,2.RPKs (in millions),6679.5,-64.6,-35.5,6679.5,-64.6
6,Domestic,6447.4,-42.3,-35.9,6447.4,-42.3
7,International,167.5,-97.6,-16.7,167.5,-97.6
8,Regional,64.6,-89.2,-37.9,64.6,-89.2
9,3.RFTKs(in millions),316.3,-9.9,-10,316.3,-9.9
10,Domestic,110.4,-10.8,-14.9,110.4,-10.8
11,International,202.7,-9.6,-7.4,202.7,-9.6
12,Regional,3.2,6.6,9.6,3.2,6.6
13,4.Number of Passengers carried (in thousands),4429.5,-51.8,-34.8,4429.5,-51.8
14,Domestic,4358.4,-40.6,-34.9,4358.4,-40.6
15,International,30,-98,-16,30,-98
16,Regional,41.1,-89.3,-35.4,41.1,-89.3
17,5.Total Cargo tonnes carried,99359.3,-10.4,-13.3,99359.3,-10.4
18,Domestic,69031.4,-9.9,-15.5,69031.4,-9.9
19,International,28243.5,-11.8,-8.5,28243.5,-11.8
20,Regional,2084.5,-3.9,7.7,2084.5,-3.9
21,2.Capacity,2.Capacity,2.Capacity,2.Capacity,2.Capacity,2.Capacity
22,1.ATKs (in millions),1752.5,-45.6,-24.7,1752.5,-45.6
23,Domestic,1223.4,-29.4,-30,1223.4,-29.4
24,International,505.1,-63.6,-8.4,505.1,-63.6
25,Regional,24.1,-75.8,-13.1,24.1,-75.8
26,2.ASKs (in millions),11061.7,-55.1,-27.8,11061.7,-55.1
27,Domestic,10481.9,-28.4,-28.6,10481.9,-28.4
28,International,433.2,-95.3,-7.4,433.2,-95.3
29,Regional,146.6,-82.7,-22.7,146.6,-82.7
30,3.AFTKs (in millions),756.1,-24,-20.1,756.1,-24
31,Domestic,280.4,-32.7,-34.5,280.4,-32.7
32,International,466.1,-16.9,-8.4,466.1,-16.9
33,Regional,9.6,-47.9,7.4,9.6,-47.9
34,3.Load Factor,3.Load Factor,3.Load Factor,3.Load Factor,3.Load Factor,3.Load Factor
35,1.Passenger Load Factor(％),60.4,-16.2,-7.2,60.4,-16.2
36,Domestic,61.5,-14.8,-7,61.5,-14.8
37,International,38.7,-38.8,-4.3,38.7,-38.8
38,Regional,44.1,-26.4,-10.8,44.1,-26.4
39,2.Cargo load factor(％),41.8,6.6,4.7,41.8,6.6
40,Domestic,39.4,9.7,9.1,39.4,9.7
41,International,43.5,3.5,0.5,43.5,3.5
42,Regional,33.2,17,0.7,33.2,17
43,3.Overall Load Factor(％),52,-10.1,-3,52,-10.1
44,Domestic,55.9,-7.4,-2.9,55.9,-7.4
45,International,43.1,-17.5,0.1,43.1,-17.5
46,Regional,39.9,-20,-8,39.9,-20
,Unnamed: 0,Feb 2021,% change vs Feb 2020,% change vs Jan 2021,Cumulative Feb 2021,% cumulative change
0,1.Traffic,1.Traffic,1.Traffic,1.Traffic,1.Traffic,1.Traffic
1,1.RTKs (in millions),741.1,68.7,-18.6,1652,-32.3
2,Domestic,533.1,173.2,-22,1216.9,-5.9
3,International,201.6,-15.4,-7.3,419.2,-61.2
4,Regional,6.3,5.2,-33.8,15.9,-75.7
5,2.RPKs (in millions),5289.4,44.9,-20.8,11968.9,-46.9
6,Domestic,5135.9,179.2,-20.3,11583.3,-11
7,International,112.2,-93.6,-33,279.7,-96.8
8,Regional,41.3,-27.4,-36.1,105.9,-83.8
9,3.RFTKs(in millions),273.2,123.9,-13.6,589.5,24.6
10,Domestic,79.3,127.2,-28.2,189.7,19.6
11,International,191.7,122.4,-5.4,394.4,27
12,Regional,2.2,147.7,-29.4,5.4,39.1
13,4.Number of Passengers carried (in thousands),3514.4,119.6,-20.7,7943.9,-26.4
14,Domestic,3470.3,176.5,-20.4,7828.7,-8.8
15,International,18.1,-94.2,-39.6,48,-97.3
16,Regional,26,-27.9,-36.9,67.1,-84
17,5.Total Cargo tonnes carried,75028.7,113.6,-24.5,174388,19.5
18,Domestic,48349.6,117.5,-30,117381,18.7
19,International,25233.7,105.1,-10.7,53477.2,20.7
20,Regional,1445.4,140,-30.7,3529.9,27.4
21,2.Capacity,2.Capacity,2.Capacity,2.Capacity,2.Capacity,2.Capacity
22,1.ATKs (in millions),1488.3,57.5,-15.1,3240.9,-22.2
23,Domestic,969.8,134.2,-20.7,2193.1,2.1
24,International,501.1,-2.3,-0.8,1006.2,-47.1
25,Regional,17.5,-5.5,-27.4,41.5,-64.7
26,2.ASKs (in millions),8582.2,21,-22.4,19643.9,-38.1
27,Domestic,8214.8,124.4,-21.6,18696.8,2.2
28,International,269.3,-91.8,-37.8,702.5,-94.4
29,Regional,98,-36.7,-33.1,244.6,-75.6
30,3.AFTKs (in millions),715.3,133.8,-5.4,1471.4,13.1
31,Domestic,230.7,172.3,-17.7,511.1,2
32,International,476.9,119.5,2.3,943,21.2
33,Regional,7.8,96.3,-18.9,17.3,-22.3
34,3.Load Factor,3.Load Factor,3.Load Factor,3.Load Factor,3.Load Factor,3.Load Factor
35,1.Passenger Load Factor(％),61.6,10.1,1.2,60.9,-10
36,Domestic,62.5,12.3,1,62,-9.2
37,International,41.6,-11.9,3,39.8,-31.4
38,Regional,42.2,5.4,-1.9,43.3,-22
39,2.Cargo load factor(％),38.2,-1.7,-3.6,40.1,3.7
40,Domestic,34.4,-6.8,-5,37.1,5.5
41,International,40.2,0.5,-3.3,41.8,1.9
42,Regional,28.9,6,-4.3,31.3,13.8
43,3.Overall Load Factor(％),49.8,3.3,-2.2,51,-7.6
44,Domestic,55,7.8,-0.9,55.5,-4.7
45,International,40.2,-6.2,-2.8,41.7,-15.1
46,Regional,36.4,3.7,-3.5,38.4,-17.2
,Unnamed: 0,Mar 2021,% change vs Mar 2020,% change vs Feb 2021,Cumulative Mar 2021,% cumulative change
0,1.Traffic,1.Traffic,1.Traffic,1.Traffic,1.Traffic,1.Traffic
1,1.RTKs (in millions),1417.7,124.8,91.3,3069.7,0
2,Domestic,1131.5,155.6,112.2,2348.4,35.3
3,International,272.2,48,35,691.4,-45.3
4,Regional,13.9,249.9,119.4,29.9,-57
5,2.RPKs (in millions),11564.8,128.5,118.6,23533.7,-14.7
6,Domestic,11306.5,174.5,120.1,22889.7,33.6
7,International,150.6,-83.7,34.2,430.3,-95.6
8,Regional,107.7,524.2,160.7,213.7,-68.2
9,3.RFTKs(in millions),382.7,108.8,40.1,972.2,48.1
10,Domestic,120.6,54.8,52.1,310.3,31.2
11,International,258.8,151.4,35,653.2,58
12,Regional,3.2,34.3,42.8,8.6,37.3
13,4.Number of Passengers carried (in thousands),7603.7,160.1,116.4,15547.5,13.4
14,Domestic,7509.7,171.6,116.4,15338.5,35.1
15,International,26.2,-82.1,44.7,74.2,-96.1
16,Regional,67.7,475,160.9,134.8,-68.7
17,5.Total Cargo tonnes carried,110725,64.2,47.6,285113,33.6
18,Domestic,73357.6,46.2,51.7,190738.6,28
19,International,35311.4,125.6,39.9,88788.6,48
20,Regional,2056,26.8,42.2,5585.9,27.2
21,2.Capacity,2.Capacity,2.Capacity,2.Capacity,2.Capacity,2.Capacity
22,1.ATKs (in millions),2479.3,124.9,66.6,5720.1,8.6
23,Domestic,1816.2,144.9,87.3,4009.3,38.8
24,International,632.3,82.1,26.2,1638.5,-27.1
25,Regional,30.8,129.1,76.5,72.3,-44.9
26,2.ASKs (in millions),15969.6,79.2,86.1,35613.5,-12.4
27,Domestic,15385.7,127.6,87.3,34082.5,36
28,International,367.2,-82.1,36.4,1069.7,-92.6
29,Regional,216.7,122.7,121.1,461.3,-58
30,3.AFTKs (in millions),1040.7,247.1,45.5,2512.1,56.9
31,Domestic,432,223.6,87.3,943.1,48.6
32,International,599.2,269.7,25.7,1542.2,64.1
33,Regional,9.5,124.5,22.3,26.8,1.1
34,3.Load Factor,3.Load Factor,3.Load Factor,3.Load Factor,3.Load Factor,3.Load Factor
35,1.Passenger Load Factor(％),72.4,15.6,10.8,66.1,-1.8
36,Domestic,73.5,12.5,11,67.2,-1.2
37,International,41,-4,-0.7,40.2,-27.3
38,Regional,49.7,32,7.6,46.3,-14.8
39,2.Cargo load factor(％),36.8,-24.4,-1.4,38.7,-2.3
40,Domestic,27.9,-30.4,-6.5,32.9,-4.4
41,International,43.2,-20.3,3,42.4,-1.6
42,Regional,33.7,-22.6,4.8,32.1,8.5
43,3.Overall Load Factor(％),57.2,0,7.4,53.7,-4.6
44,Domestic,62.3,2.6,7.3,58.6,-1.5
45,International,43.1,-9.9,2.8,42.2,-14
46,Regional,45.2,15.6,8.8,41.3,-11.7
,Unnamed: 0,Apr 2021,% change vs Apr 2020,% change vs Mar 2021,Cumulative Apr 2021,% cumulative change
0,1.Traffic,1.Traffic,1.Traffic,1.Traffic,1.Traffic,1.Traffic
1,1.RTKs (in millions),1523.8,173.2,7.5,4593.5,26.7
2,Domestic,1227.5,192.5,8.5,3575.9,65.9
3,International,277.1,103.6,1.8,968.5,-30.8
4,Regional,19.2,893.5,38.1,49.1,-31.2
5,2.RPKs (in millions),12736.3,217.6,10.1,36270,14.8
6,Domestic,12425.1,218.2,9.9,35314.8,67.8
7,International,148.9,43.1,-1.1,579.2,-94.1
8,Regional,162.3,19771.2,50.6,376,-44.1
9,3.RFTKs(in millions),388.7,93.8,1.6,1360.9,58.8
10,Domestic,121.8,69.5,1,432.2,40.1
11,International,263.8,108,1.9,917,69.7
12,Regional,3.1,64.3,-4.7,11.7,43.5
13,4.Number of Passengers carried (in thousands),8435,216.5,10.9,23982.5,46.4
14,Domestic,8311.8,213.8,10.7,23650.3,68.9
15,International,24.1,53.5,-7.8,98.3,-94.9
16,Regional,99.1,16524.8,46.3,233.9,-45.9
17,5.Total Cargo tonnes carried,111283.1,69.8,0.5,396396.1,42.1
18,Domestic,75098.2,64.2,2.4,265836.8,36.5
19,International,34246.9,85.4,-3,123035.5,56.8
20,Regional,1938,45.5,-5.7,7523.9,31.4
21,2.Capacity,2.Capacity,2.Capacity,2.Capacity,2.Capacity,2.Capacity
22,1.ATKs (in millions),2655.2,134.1,7.1,8375.4,30.8
23,Domestic,1996,212.5,9.9,6005.3,70.2
24,International,623.8,28.4,-1.3,2262.3,-17.3
25,Regional,35.4,258.8,14.9,107.8,-23.6
26,2.ASKs (in millions),17103.4,178.7,7.1,52716.9,12.6
27,Domestic,16497,182,7.2,50579.4,63.6
28,International,353.4,33.2,-3.8,1423.1,-90.4
29,Regional,253,1086.1,16.8,714.3,-36.3
30,3.AFTKs (in millions),1114.4,91.4,7.1,3626.5,66.1
31,Domestic,512,355,18.5,1455.1,94.7
32,International,592,28.2,-1.2,2134.2,52.3
33,Regional,10.4,33.2,9.6,37.2,8.4
34,3.Load Factor,3.Load Factor,3.Load Factor,3.Load Factor,3.Load Factor,3.Load Factor
35,1.Passenger Load Factor(％),74.5,9.1,2,68.8,1.3
36,Domestic,75.3,8.6,1.8,69.8,1.8
37,International,42.1,2.9,1.1,40.7,-26.3
38,Regional,64.1,60.3,14.4,52.6,-7.4
39,2.Cargo load factor(％),34.9,0.4,-1.9,37.5,-1.7
40,Domestic,23.8,-40.1,-4.1,29.7,-11.6
41,International,44.6,17.1,1.4,43,4.4
42,Regional,29.3,5.5,-4.4,31.3,7.7
43,3.Overall Load Factor(％),57.4,8.2,0.2,54.8,-1.8
44,Domestic,61.5,-4.2,-0.8,59.5,-1.6
45,International,44.4,16.4,1.4,42.8,-8.4
46,Regional,54.3,34.7,9.1,45.6,-5
,Unnamed: 0,May 2021,% change vs May 2020,% change vs Apr 2021,Cumulative May 2021,% cumulative change
0,1.Traffic,1.Traffic,1.Traffic,1.Traffic,1.Traffic,1.Traffic
1,1.RTKs (in millions),1497,80.9,-1.6,6065.2,36.3
2,Domestic,1209.9,102.2,-1.2,4760.5,73.2
3,International,265.4,16.7,-4.2,1233.8,-24.2
4,Regional,21.8,993.6,13.1,70.9,-3.4
5,2.RPKs (in millions),12623.9,113.1,-0.7,48621.8,29.7
6,Domestic,12283.4,113.7,-0.9,47326.1,77
7,International,159.2,-9.1,6.9,738.4,-92.7
8,Regional,181.4,17008.1,11.7,557.3,-17.2
9,3.RFTKs(in millions),375.4,25.4,-3.4,1735.2,50.2
10,Domestic,120.5,40.7,-1.1,551.5,40.2
11,International,251.2,18.6,-4.8,1168.3,55.3
12,Regional,3.7,94.8,20.6,15.3,53.2
13,4.Number of Passengers carried (in thousands),8323.6,108.4,-1,32054.1,57.7
14,Domestic,8192.5,106.5,-1.1,31590.7,76.2
15,International,23.8,-7.3,-1.5,122.1,-93.8
16,Regional,107.4,17416,8.4,341.3,-21.1
17,5.Total Cargo tonnes carried,108630.5,29.9,-2.3,504053.9,39.2
18,Domestic,74558.8,36.8,-0.6,339422.8,36.4
19,International,31747.2,14.3,-7.3,154782.7,45.7
20,Regional,2324.5,75.6,19.9,9848.4,39.7
21,2.Capacity,2.Capacity,2.Capacity,2.Capacity,2.Capacity,2.Capacity
22,1.ATKs (in millions),2539.8,40.5,-4.3,10878.4,32.6
23,Domestic,1880,103.1,-5.7,7848.6,76.6
24,International,618.7,-29.1,-0.8,2881,-20.1
25,Regional,41,331.8,15.8,148.8,-1.2
26,2.ASKs (in millions),16712.7,90.1,-2.2,69074.7,24.5
27,Domestic,16048.6,91.3,-2.6,66273.2,69
28,International,369.1,-2,4.5,1792.3,-88.2
29,Regional,295,1073.6,16.6,1009.3,-11.9
30,3.AFTKs (in millions),1034.5,1.7,-7.1,4656.2,45.5
31,Domestic,437.2,155.6,-14.6,1887.4,105.7
32,International,585.5,-30.2,-1.1,2719.7,21.4
33,Regional,11.8,68.5,13.6,49,18.6
34,3.Load Factor,3.Load Factor,3.Load Factor,3.Load Factor,3.Load Factor,3.Load Factor
35,1.Passenger Load Factor(％),75.5,8.2,1.2,70.4,2.9
36,Domestic,76.5,8.1,1.3,71.4,3.2
37,International,43.1,-3.4,1,41.2,-25.3
38,Regional,61.5,57.3,-2.7,55.2,-3.5
39,2.Cargo load factor(％),36.3,6.9,1.4,37.3,1.2
40,Domestic,27.6,-22.5,3.8,29.2,-13.7
41,International,42.9,17.7,-1.7,43,9.4
42,Regional,31.1,4.2,1.8,31.3,7.1
43,3.Overall Load Factor(％),58.9,13.2,1.6,55.8,1.5
44,Domestic,64.4,-0.3,2.9,60.7,-1.2
45,International,42.9,16.8,-1.5,42.8,-2.3
46,Regional,53.1,32.1,-1.2,47.6,-1.1
,Unnamed: 0,Jun 2021,% change vs Jun 2020,% change vs May 2021,Cumulative Jun 2021,% cumulative change
0,1.Traffic,1.Traffic,1.Traffic,1.Traffic,1.Traffic,1.Traffic
1,1.RTKs (in millions),1172.6,30.9,-21.8,7264.7,35.6
2,Domestic,904.6,36,-25.3,5692,66.2
3,International,247.8,8.4,-6.6,1481.6,-20.2
4,Regional,20.2,686.2,-7.3,91.1,19.9
5,2.RPKs (in millions),9340.7,41,-26.1,58252.6,31.7
6,Domestic,9014.7,41.2,-26.7,56630.9,70.3
7,International,156.5,-34.6,-1.7,894.8,-91.3
8,Regional,169.6,21397.9,-6.5,726.9,7.8
9,3.RFTKs(in millions),339.5,11.3,-9.6,2075.8,42
10,Domestic,102.1,7.4,-15.3,654.9,33.8
11,International,234,12.9,-6.8,1402.3,46.2
12,Regional,3.3,33.5,-9.7,18.7,49.2
13,4.Number of Passengers carried (in thousands),6285.6,41,-24.7,38610.7,55
14,Domestic,6161.7,39.4,-25,38023.4,69.2
15,International,23.7,-34.1,-0.4,145.8,-92.7
16,Regional,100.2,15340.5,-6.7,441.5,1.9
17,5.Total Cargo tonnes carried,95368.7,7.2,-12.3,600504.5,32.9
18,Domestic,63985.7,6.7,-14.3,404490.4,30.7
19,International,29191.7,6.6,-8,183974.4,37.7
20,Regional,2191.3,33.8,-5.7,12039.7,38.6
21,2.Capacity,2.Capacity,2.Capacity,2.Capacity,2.Capacity,2.Capacity
22,1.ATKs (in millions),2012.1,16.6,-20.8,12928.4,30
23,Domestic,1413.6,38.6,-24.9,9300,69.6
24,International,561.1,-19,-9.3,3442.1,-19.9
25,Regional,37.4,189.1,-8.7,186.2,13.9
26,2.ASKs (in millions),13048.6,32.1,-22,82499.9,25.8
27,Domestic,12441.4,31.5,-22.6,79091.2,61.9
28,International,322.8,-17.3,-12.6,2115,-86.4
29,Regional,284.4,922.7,-3.6,1293.7,10.2
30,3.AFTKs (in millions),836.5,-0.1,-19.1,5496.6,36.1
31,Domestic,295,74,-32.4,2186.4,100.8
32,International,532,-19,-9.1,3251.8,12.2
33,Regional,9.4,-7.9,-20.6,58.4,13.4
34,3.Load Factor,3.Load Factor,3.Load Factor,3.Load Factor,3.Load Factor,3.Load Factor
35,1.Passenger Load Factor(％),71.6,4.5,-4,70.6,3.2
36,Domestic,72.5,5,-4.1,71.6,3.6
37,International,48.5,-12.9,5.4,42.3,-24
38,Regional,59.6,56.8,-1.9,56.2,-1.3
39,2.Cargo load factor(％),40.6,4.1,4.3,37.8,1.6
40,Domestic,34.6,-21.5,7,30,-15
41,International,44,12.4,1.1,43.1,10
42,Regional,35.4,11,4.3,32,7.7
43,3.Overall Load Factor(％),58.3,6.3,-0.7,56.2,2.3
44,Domestic,64,-1.2,-0.4,61.2,-1.3
45,International,44.2,11.2,1.3,43,-0.1
46,Regional,53.9,34.1,0.8,48.9,2.5
,Unnamed: 0,Jul 2021,% change vs Jul 2020,% change vs Jun 2021,Cumulative Jul 2021,% cumulative change
0,1.Traffic,1.Traffic,1.Traffic,1.Traffic,1.Traffic,1.Traffic
1,1.RTKs (in millions),1380.2,29.6,17.7,8644.9,34.6
2,Domestic,1102.8,32.4,21.9,6794.8,59.5
3,International,253.3,10.6,2.2,1735,-16.8
4,Regional,24,877.4,19.2,115.1,46.8
5,2.RPKs (in millions),11861.3,38.4,27,70113.9,32.8
6,Domestic,11464.9,37.4,27.2,68095.7,63.7
7,International,191.9,-15.6,22.6,1086.7,-89.7
8,Regional,204.5,11145.9,20.6,931.4,37.8
9,3.RFTKs(in millions),347.2,12.2,2.3,2423,36.8
10,Domestic,107,9,4.8,761.9,29.7
11,International,236.4,13.2,1,1638.7,40.3
12,Regional,3.7,63,11.7,22.4,51.4
13,4.Number of Passengers carried (in thousands),7761.6,33,23.5,46372.2,50.8
14,Domestic,7608.6,31.2,23.5,45632,61.4
15,International,30.2,-18.3,27.7,176.1,-91.4
16,Regional,122.7,7238.2,22.4,564.2,29.7
17,5.Total Cargo tonnes carried,98269.5,7.1,3,698774,28.5
18,Domestic,67097.9,8.9,4.9,471588.3,27.1
19,International,28944.9,1.3,-0.8,212919.2,31.3
20,Regional,2226.8,41.4,1.6,14266.5,39
21,2.Capacity,2.Capacity,2.Capacity,2.Capacity,2.Capacity,2.Capacity
22,1.ATKs (in millions),2328,23.2,15.7,15256.4,28.9
23,Domestic,1768.7,38.1,25.1,11068.8,63.6
24,International,517.3,-13.6,-7.8,3959.4,-19.2
25,Regional,41.9,363.4,12,228.1,32.2
26,2.ASKs (in millions),16071.3,34.4,23.2,98571.2,27.1
27,Domestic,15358.7,33,23.4,94449.9,56.4
28,International,393.9,-0.3,22,2508.9,-84.2
29,Regional,318.7,1512.4,12,1612.4,35.1
30,3.AFTKs (in millions),880.8,8.2,5.3,6377.4,31.4
31,Domestic,388.5,59.4,31.7,2574.9,93.3
32,International,481.9,-14.4,-9.4,3733.6,7.9
33,Regional,10.5,47.9,11.4,68.9,17.5
34,3.Load Factor,3.Load Factor,3.Load Factor,3.Load Factor,3.Load Factor,3.Load Factor
35,1.Passenger Load Factor(％),73.8,2.1,2.2,71.1,3
36,Domestic,74.6,2.4,2.2,72.1,3.2
37,International,48.7,-8.9,0.2,43.3,-22.8
38,Regional,64.2,55,4.6,57.8,1.1
39,2.Cargo load factor(％),39.4,1.4,-1.2,38,1.5
40,Domestic,27.6,-12.7,-7.1,29.6,-14.5
41,International,49.1,12,5.1,43.9,10.1
42,Regional,35.5,3.3,0.1,32.5,7.3
43,3.Overall Load Factor(％),59.3,2.9,1,56.7,2.4
44,Domestic,62.4,-2.7,-1.6,61.4,-1.6
45,International,49,10.7,4.8,43.8,1.3
46,Regional,57.4,30.2,3.4,50.5,5
,Unnamed: 0,Aug 2021,% change vs Aug 2020,% change vs Jul 2021,Cumulative Aug 2021,% cumulative change
0,1.Traffic,1.Traffic,1.Traffic,1.Traffic,1.Traffic,1.Traffic
1,1.RTKs (in millions),784.1,-36.7,-43.2,9429,23.1
2,Domestic,509.6,-50.4,-53.8,7304.4,38.2
3,International,266.4,27.3,5.2,2001.4,-12.8
4,Regional,8.1,158.6,-66.3,123.2,51.1
5,2.RPKs (in millions),5051.6,-53.1,-57.4,75165.4,18.2
6,Domestic,4798,-54.2,-58.1,72893.8,40
7,International,204.4,-27.6,6.5,1291.1,-88.1
8,Regional,49.2,836.9,-76,980.6,43.9
9,3.RFTKs(in millions),344.3,16.2,-0.8,2767.3,33.9
10,Domestic,92.7,-15.2,-13.4,854.5,22.6
11,International,248.3,34.7,5,1887,39.5
12,Regional,3.3,27.6,-10.3,25.7,47.8
13,4.Number of Passengers carried (in thousands),3216.5,-56,-58.6,49588.7,30.3
14,Domestic,3156.4,-56.6,-58.5,48788.4,37.3
15,International,33.1,-26.7,9.4,209.1,-90
16,Regional,27.1,602.5,-77.9,591.2,34.7
17,5.Total Cargo tonnes carried,88022.4,-9.6,-10.4,786796.3,22.8
18,Domestic,55806.9,-19.9,-16.8,527395.2,19.6
19,International,30240.5,17.1,4.5,243159.7,29.3
20,Regional,1975,6.7,-11.3,16241.4,34.1
21,2.Capacity,2.Capacity,2.Capacity,2.Capacity,2.Capacity,2.Capacity
22,1.ATKs (in millions),1483.9,-29.4,-36.3,16740.2,20.1
23,Domestic,923.1,-41.5,-47.8,11991.9,43.8
24,International,543.1,6,5,4502.5,-16.8
25,Regional,17.7,50.5,-57.9,245.8,33.3
26,2.ASKs (in millions),8773,-40.6,-45.4,107344.2,16.3
27,Domestic,8294.7,-41.5,-46,102744.7,37.8
28,International,356.5,-35.1,-9.5,2865.3,-82.6
29,Regional,121.8,175.9,-61.8,1734.2,40.1
30,3.AFTKs (in millions),694.9,-10.3,-21.1,7072.3,25.7
31,Domestic,177.9,-41.7,-54.2,2752.8,68.1
32,International,511,10.5,6,4244.7,8.2
33,Regional,6,-18.7,-43.1,74.8,13.5
34,3.Load Factor,3.Load Factor,3.Load Factor,3.Load Factor,3.Load Factor,3.Load Factor
35,1.Passenger Load Factor(％),57.6,-15.4,-16.2,70,1.1
36,Domestic,57.8,-16.1,-16.8,70.9,1.1
37,International,57.3,6,8.6,45.1,-20.6
38,Regional,40.4,28.5,-23.8,56.5,1.5
39,2.Cargo load factor(％),49.5,11.3,10.1,39.1,2.4
40,Domestic,52.1,16.2,24.5,31,-11.5
41,International,48.6,8.7,-0.5,44.5,10
42,Regional,55.9,20.3,20.4,34.4,8
43,3.Overall Load Factor(％),52.8,-6.1,-6.4,56.3,1.3
44,Domestic,55.2,-9.9,-7.1,60.9,-2.5
45,International,49.1,8.2,0.1,44.5,2
46,Regional,45.8,19.2,-11.5,50.1,5.9
,Unnamed: 0,Sep 2021,% change vs Sep 2020,% change vs Aug 2021,Cumulative Sep 2021,% cumulative change
0,1.Traffic,1.Traffic,1.Traffic,1.Traffic,1.Traffic,1.Traffic
1,1.RTKs (in millions),1126.1,-19.5,43.6,10555.1,16.5
2,Domestic,852.1,-26.9,67.2,8156.5,26.4
3,International,261.4,14.3,-1.9,2262.8,-10.3
4,Regional,12.7,211.9,56.2,135.9,58.7
5,2.RPKs (in millions),8468.8,-27.6,67.6,83634.2,11.1
6,Domestic,8209.3,-28.3,71.1,81103,27.7
7,International,168.6,-30.8,-17.5,1459.7,-86.8
8,Regional,90.9,528.9,84.9,1071.5,54
9,3.RFTKs(in millions),367,4.4,6.6,3134.2,29.6
10,Domestic,116.9,-17.5,26.2,971.4,15.8
11,International,246.4,18.9,-0.8,2133.4,36.8
12,Regional,3.7,41.9,11.6,29.4,47
13,4.Number of Passengers carried (in thousands),5515,-29.5,71.5,55103.7,20.1
14,Domestic,5437.9,-30.1,72.3,54226.3,25.2
15,International,26.1,-32.8,-21.1,235.2,-88.9
16,Regional,51,443.5,88.5,642.2,43.3
17,5.Total Cargo tonnes carried,102467.2,-14.9,16.4,889263.5,16.8
18,Domestic,71295.6,-20.2,27.8,598690.8,12.9
19,International,29012.5,-0.9,-4.1,272172.2,25.3
20,Regional,2159.1,15.1,9.3,18400.5,31.5
21,2.Capacity,2.Capacity,2.Capacity,2.Capacity,2.Capacity,2.Capacity
22,1.ATKs (in millions),1944.2,-14.5,31,18684.4,15.3
23,Domestic,1410.9,-16.9,52.8,13402.8,33.5
24,International,507.4,-9.5,-6.6,5010,-16.1
25,Regional,25.8,65.6,45.9,271.6,35.9
26,2.ASKs (in millions),12835.2,-17,46.3,120179.4,11.5
27,Domestic,12363.1,-16.6,49,115107.7,28.8
28,International,284,-48.1,-20.3,3149.3,-81.5
29,Regional,188.2,113.2,54.5,1922.4,45
30,3.AFTKs (in millions),788.4,-10.7,13.5,7860.7,20.8
31,Domestic,299.1,-18.1,68.1,3051.9,52.4
32,International,481.9,-5.7,-5.7,4726.6,6.6
33,Regional,7.4,8.4,24.9,82.3,13
34,3.Load Factor,3.Load Factor,3.Load Factor,3.Load Factor,3.Load Factor,3.Load Factor
35,1.Passenger Load Factor(％),66,-9.7,8.4,69.6,-0.3
36,Domestic,66.4,-10.8,8.6,70.5,-0.6
37,International,59.4,14.9,2.1,46.3,-18.6
38,Regional,48.3,31.9,7.9,55.7,3.3
39,2.Cargo load factor(％),46.5,6.7,-3,39.9,2.7
40,Domestic,39.1,0.3,-13,31.8,-10.1
41,International,51.1,10.6,2.5,45.1,10
42,Regional,50,11.8,-6,35.8,8.3
43,3.Overall Load Factor(％),57.9,-3.6,5.1,56.5,0.6
44,Domestic,60.4,-8.3,5.2,60.9,-3.4
45,International,51.5,10.7,2.5,45.2,2.9
46,Regional,49.1,23,3.2,50,7.2
,Unnamed: 0,Oct 2021,% change vs Oct 2020,% change vs Sep 2021,Cumulative Oct 2021,% cumulative change
0,1.Traffic,1.Traffic,1.Traffic,1.Traffic,1.Traffic,1.Traffic
1,1.RTKs (in millions),1256.3,-16.6,10.3,11824.3,11.9
2,Domestic,964.3,-21.7,11.5,9133.7,18.9
3,International,285.5,8.5,9.3,2548.3,-8.5
4,Regional,6.4,-34.5,-49.1,142.3,49.1
5,2.RPKs (in millions),9729.2,-23.6,13,93507,6.3
6,Domestic,9535.3,-23,14.2,90782,19.6
7,International,160.4,-40.7,-4.9,1620.1,-85.7
8,Regional,33.4,-56.2,-63.2,1104.9,43.1
9,3.RFTKs(in millions),390.2,4.6,6.2,3524.8,26.3
10,Domestic,115.7,-11.9,-1.3,1087.6,12.1
11,International,271.3,13.3,10.1,2404.6,33.6
12,Regional,3.2,41.7,-15.1,32.6,46.5
13,4.Number of Passengers carried (in thousands),6488,-23.3,15.2,61710.9,13.6
14,Domestic,6443.7,-23,16,60789.1,17.6
15,International,24.3,-43.2,-7.1,259.5,-88
16,Regional,20.1,-58.4,-60.7,662.3,33.4
17,5.Total Cargo tonnes carried,104945.1,-10,1.9,994699.2,13.3
18,Domestic,71621,-13.9,-0.2,670802.3,9.4
19,International,31530.7,-1.4,8.7,303702.9,21.8
20,Regional,1793.5,18.1,-16.9,20194,30.2
21,2.Capacity,2.Capacity,2.Capacity,2.Capacity,2.Capacity,2.Capacity
22,1.ATKs (in millions),2273.6,-11.7,16.1,20971.4,11.6
23,Domestic,1609.5,-17.4,13,15025.8,25.4
24,International,649.1,7.6,27.9,5659,-13.9
25,Regional,15,-37.4,-41.9,286.6,28
26,2.ASKs (in millions),14128.4,-17.2,9.2,134409,7.7
27,Domestic,13656.8,-16.1,9.6,128865.7,21.9
28,International,380.6,-37.4,34,3529.9,-80
29,Regional,91.1,-49,-51.6,2013.5,33.8
30,3.AFTKs (in millions),1002,-3.5,26.4,8867.1,17.5
31,Domestic,381,-21.2,25.6,3437.2,38.3
32,International,614.8,12.1,27.6,5341.4,7.2
33,Regional,6.2,-1,-16.6,88.5,11.9
34,3.Load Factor,3.Load Factor,3.Load Factor,3.Load Factor,3.Load Factor,3.Load Factor
35,1.Passenger Load Factor(％),68.9,-5.8,2.3,69.6,-0.9
36,Domestic,69.8,-6.3,2.8,70.4,-1.4
37,International,42.2,-2.3,-17.2,45.9,-18.3
38,Regional,36.7,-6.1,-11.6,54.9,3.6
39,2.Cargo load factor(％),38.9,3,-7.4,39.8,2.8
40,Domestic,30.4,3.2,-8.3,31.6,-7.4
41,International,44.1,0.5,-7,45,8.9
42,Regional,50.8,15.3,0.9,36.8,8.7
43,3.Overall Load Factor(％),55.3,-3.2,-2.9,56.4,0.1
44,Domestic,59.9,-3.4,-0.8,60.8,-3.3
45,International,44,0.4,-7.5,45,2.7
46,Regional,43,1.9,-6.1,49.7,7
,Unnamed: 0,Nov 2021,% change vs Nov 2020,% change vs Oct 2021,Cumulative Nov 2021,% cumulative change
0,1.Traffic,1.Traffic,1.Traffic,1.Traffic,1.Traffic,1.Traffic
1,1.RTKs (in millions),810.3,-43.8,-35.5,12633,5.3
2,Domestic,494.8,-56.2,-48.7,9626.9,9.3
3,International,307.8,1.9,7.8,2856.2,-7.5
4,Regional,7.6,-31.9,18.7,149.9,40.6
5,2.RPKs (in millions),4642.9,-59.5,-52.3,98132.3,-1.3
6,Domestic,4467.5,-60,-53.1,95231.9,9.4
7,International,133,-40.9,-17.1,1753.2,-84.8
8,Regional,42.3,-48.8,26.5,1147.2,34.2
9,3.RFTKs(in millions),393.9,-5.1,1,3918.6,22.2
10,Domestic,94.4,-27.2,-18.4,1181.9,7.5
11,International,296,4.8,9.1,2700.6,29.7
12,Regional,3.5,15.4,9.5,36,42.8
13,4.Number of Passengers carried (in thousands),3083,-59.2,-52.5,64780.5,4.8
14,Domestic,3036.1,-59.4,-52.9,63811.8,8
15,International,20.3,-46,-16.3,279.8,-87.3
16,Regional,26.6,-48,32.5,688.9,25.8
17,5.Total Cargo tonnes carried,94740.2,-21.8,-9.7,1089408.6,9.1
18,Domestic,57841.6,-29.1,-19.2,728613.1,4.9
19,International,34820.8,-7,10.4,338523.8,18.1
20,Regional,2077.8,1.4,15.9,22271.8,26.9
21,2.Capacity,2.Capacity,2.Capacity,2.Capacity,2.Capacity,2.Capacity
22,1.ATKs (in millions),1611.8,-37.4,-29.1,22580.1,5.8
23,Domestic,879.7,-51.9,-45.3,15902.4,15.2
24,International,712.8,-1,9.8,6371.8,-12.6
25,Regional,19.3,-23.6,29,305.9,22.8
26,2.ASKs (in millions),7838.4,-50.7,-44.5,142215.8,1.1
27,Domestic,7382.2,-51.4,-45.9,136216.2,12.7
28,International,340.8,-36.7,-10.5,3870.6,-78.7
29,Regional,115.4,-33.3,26.7,2129,26.9
30,3.AFTKs (in millions),905.8,-20.6,-9.6,9772.5,12.5
31,Domestic,215.5,-53.3,-43.4,3652.4,24
32,International,682.1,1.6,11,6023.5,6.5
33,Regional,8.1,-0.9,30.9,96.6,10.7
34,3.Load Factor,3.Load Factor,3.Load Factor,3.Load Factor,3.Load Factor,3.Load Factor
35,1.Passenger Load Factor(％),59.2,-12.9,-9.6,69,-1.7
36,Domestic,60.5,-12.9,-9.3,69.9,-2.1
37,International,39,-2.8,-3.1,45.3,-18.3
38,Regional,36.6,-11.1,-0.1,53.9,2.9
39,2.Cargo load factor(％),43.5,7.1,4.5,40.1,3.2
40,Domestic,43.8,15.7,13.4,32.4,-5
41,International,43.4,1.3,-0.7,44.8,8
42,Regional,42.5,6,-8.3,37.3,8.4
43,3.Overall Load Factor(％),50.3,-5.8,-5,55.9,-0.3
44,Domestic,56.2,-5.5,-3.7,60.5,-3.2
45,International,43.2,1.2,-0.8,44.8,2.5
46,Regional,39.5,-4.8,-3.4,49,6.2
,Unnamed: 0,Dec 2021,% change vs Dec 2020,% change vs Nov 2021,Cumulative Dec 2021,% cumulative change
0,1.Traffic,1.Traffic,1.Traffic,1.Traffic,1.Traffic,1.Traffic
1,1.RTKs (in millions),965.4,-24.5,19.3,13599,2.4
2,Domestic,658.8,-35.9,33.4,10286.3,4.5
3,International,292.2,23.4,-5.1,3148.3,-5.3
4,Regional,14.4,8.4,88.1,164.3,37
5,2.RPKs (in millions),6488.5,-37.4,40.1,104627.4,-4.7
6,Domestic,6257.3,-37.8,40.4,101495.8,4.5
7,International,127.6,-36.6,-4.1,1880.8,-84
8,Regional,103.6,-0.5,145.1,1250.8,30.5
9,3.RFTKs(in millions),384.1,9.3,-2.5,4302.7,20.9
10,Domestic,99.2,-23.6,5.1,1281.1,4.2
11,International,280.8,28.3,-5.1,2981.5,29.6
12,Regional,4.1,41,18.2,40.1,42.6
13,4.Number of Passengers carried (in thousands),4263.2,-37.2,38.7,69047.8,0.5
14,Domestic,4181.7,-37.5,38.2,67997.7,3.3
15,International,21.6,-39.5,6.2,301.4,-86.6
16,Regional,59.9,-6,125.3,748.8,22.5
17,5.Total Cargo tonnes carried,97233.7,-15.1,2.6,1186660.9,6.6
18,Domestic,60683.4,-25.7,4.9,789315,1.6
19,International,34010.3,10.1,-2.3,372534,17.3
20,Regional,2540,31.2,22.2,24811.8,27.3
21,2.Capacity,2.Capacity,2.Capacity,2.Capacity,2.Capacity,2.Capacity
22,1.ATKs (in millions),1909.5,-18,18.6,24490.6,3.4
23,Domestic,1158.2,-33.8,32,17061.6,9.6
24,International,718.3,30.3,0.8,7090.1,-9.6
25,Regional,32.9,18.9,70.2,338.8,22.4
26,2.ASKs (in millions),10225,-33.3,30.8,152451.5,-2.3
27,Domestic,9705.8,-33.8,31.9,145932.7,7.7
28,International,295.3,-36.9,-13.4,4165.9,-77.7
29,Regional,224,18.2,94,2352.9,26
30,3.AFTKs (in millions),987.6,4.4,9.1,10760.2,11.7
31,Domestic,284.9,-33.5,32.3,3937.4,16.7
32,International,691.7,35.9,1.4,6715.2,9
33,Regional,10.9,22.4,34.2,107.5,11.8
34,3.Load Factor,3.Load Factor,3.Load Factor,3.Load Factor,3.Load Factor,3.Load Factor
35,1.Passenger Load Factor(％),63.5,-4.1,4.2,68.6,-1.7
36,Domestic,64.5,-4.1,3.9,69.5,-2.1
37,International,43.2,0.2,4.2,45.1,-17.9
38,Regional,46.3,-8.7,9.6,53.2,1.8
39,2.Cargo load factor(％),38.9,1.7,-4.6,40,3.1
40,Domestic,34.8,4.5,-9,32.5,-3.9
41,International,40.6,-2.4,-2.8,44.4,7.1
42,Regional,37.5,4.9,-5.1,37.3,8.1
43,3.Overall Load Factor(％),50.6,-4.4,0.3,55.5,-0.6
44,Domestic,56.9,-1.9,0.6,60.3,-2.9
45,International,40.7,-2.3,-2.5,44.4,2
46,Regional,43.7,-4.2,4.2,48.5,5.2
,Unnamed: 0,Jan 2022,% change vs Jan 2021,% change vs Dec 2021,Cumulative Jan 2022,% cumulative change
0,1.Traffic,1.Traffic,1.Traffic,1.Traffic,1.Traffic,1.Traffic
1,1.RTKs (in millions),966.3,6.1,0.1,966.3,6.1
2,Domestic,678.7,-0.7,3,678.7,-0.7
3,International,271.4,24.8,-7.1,271.4,24.8
4,Regional,16.2,68.6,12.4,16.2,68.6
5,2.RPKs (in millions),6725.8,0.7,3.7,6725.8,0.7
6,Domestic,6512.1,1,4.1,6512.1,1
7,International,80.7,-51.8,-36.7,80.7,-51.8
8,Regional,133,105.8,28.3,133,105.8
9,3.RFTKs(in millions),372.6,17.8,-3,372.6,17.8
10,Domestic,105.4,-4.5,6.3,105.4,-4.5
11,International,264.3,30.4,-5.9,264.3,30.4
12,Regional,2.9,-7.1,-27.8,2.9,-7.1
13,4.Number of Passengers carried (in thousands),4397.7,-0.7,3.2,4397.7,-0.7
14,Domestic,4303.3,-1.3,2.9,4303.3,-1.3
15,International,15.5,-48.2,-28,15.5,-48.2
16,Regional,78.9,91.8,31.7,78.9,91.8
17,5.Total Cargo tonnes carried,97214.7,-2.2,0,97214.7,-2.2
18,Domestic,64267.1,-6.9,5.9,64267.1,-6.9
19,International,30965.4,9.6,-9,30965.4,9.6
20,Regional,1982.1,-4.9,-22,1982.1,-4.9
21,2.Capacity,2.Capacity,2.Capacity,2.Capacity,2.Capacity,2.Capacity
22,1.ATKs (in millions),2032.4,16,6.4,2032.4,16
23,Domestic,1293,5.7,11.6,1293,5.7
24,International,703.3,39.2,-2.1,703.3,39.2
25,Regional,36.1,50.1,9.7,36.1,50.1
26,2.ASKs (in millions),11279.6,2,10.3,11279.6,2
27,Domestic,10742.8,2.5,10.7,10742.8,2.5
28,International,286,-34,-3.2,286,-34
29,Regional,250.9,71.1,12,250.9,71.1
30,3.AFTKs (in millions),1015.4,34.3,2.8,1015.4,34.3
31,Domestic,326.4,16.4,14.6,326.4,16.4
32,International,677.6,45.4,-2,677.6,45.4
33,Regional,11.4,18.7,4.2,11.4,18.7
34,3.Load Factor,3.Load Factor,3.Load Factor,3.Load Factor,3.Load Factor,3.Load Factor
35,1.Passenger Load Factor(％),59.6,-0.8,-3.8,59.6,-0.8
36,Domestic,60.6,-0.9,-3.9,60.6,-0.9
37,International,28.2,-10.4,-15,28.2,-10.4
38,Regional,53,8.9,6.7,53,8.9
39,2.Cargo load factor(％),36.7,-5.1,-2.2,36.7,-5.1
40,Domestic,32.3,-7.1,-2.5,32.3,-7.1
41,International,39,-4.5,-1.6,39,-4.5
42,Regional,26,-7.2,-11.5,26,-7.2
43,3.Overall Load Factor(％),47.5,-4.4,-3,47.5,-4.4
44,Domestic,52.5,-3.4,-4.4,52.5,-3.4
45,International,38.6,-4.5,-2.1,38.6,-4.5
46,Regional,44.8,4.9,1.1,44.8,4.9
,Unnamed: 0,Feb 2022,% change vs Feb 2021,% change vs Jan 2022,Cumulative Feb 2022,% cumulative change
0,1.Traffic,1.Traffic,1.Traffic,1.Traffic,1.Traffic,1.Traffic
1,1.RTKs (in millions),872.2,17.7,-9.7,1838.5,11.3
2,Domestic,649.4,21.8,-4.3,1328,9.1
3,International,207.5,2.9,-23.5,479,14.3
4,Regional,15.3,141.3,-5.3,31.5,97.6
5,2.RPKs (in millions),6801.3,28.6,1.1,13527.1,13
6,Domestic,6597.4,28.5,1.3,13109.5,13.2
7,International,73.7,-34.3,-8.7,154.4,-44.8
8,Regional,130.3,215.3,-2,263.2,148.5
9,3.RFTKs(in millions),272.2,-0.4,-27,644.8,9.4
10,Domestic,68.8,-13.3,-34.8,174.2,-8.2
11,International,201,4.9,-23.9,465.2,18
12,Regional,2.4,9,-17.2,5.4,-0.4
13,4.Number of Passengers carried (in thousands),4414.5,25.6,0.4,8812.2,10.9
14,Domestic,4321.3,24.5,0.4,8624.7,10.2
15,International,14.1,-22.3,-9.5,29.6,-38.4
16,Regional,79.1,204.5,0.2,157.9,135.4
17,5.Total Cargo tonnes carried,67233.8,-10.4,-30.8,164448.5,-5.7
18,Domestic,41458.4,-14.3,-35.5,105725.5,-9.9
19,International,24141.2,-4.3,-22,55106.6,3
20,Regional,1634.2,13.1,-17.6,3616.3,2.4
21,2.Capacity,2.Capacity,2.Capacity,2.Capacity,2.Capacity,2.Capacity
22,1.ATKs (in millions),1790.6,20.3,-11.9,3823,18
23,Domestic,1196.7,23.4,-7.4,2489.6,13.5
24,International,562.3,12.2,-20.1,1265.6,25.8
25,Regional,31.6,81.2,-12.4,67.7,63.2
26,2.ASKs (in millions),10563.8,23.1,-6.3,21843.4,11.2
27,Domestic,9958,21.2,-7.3,20700.8,10.7
28,International,368,36.6,28.7,654,-6.9
29,Regional,237.8,142.6,-5.2,488.6,99.8
30,3.AFTKs (in millions),838.3,17.2,-17.4,1853.6,26
31,Domestic,300.8,30.5,-7.8,627.2,22.7
32,International,529.1,11,-21.9,1206.7,28
33,Regional,8.3,6.8,-27,19.6,13.4
34,3.Load Factor,3.Load Factor,3.Load Factor,3.Load Factor,3.Load Factor,3.Load Factor
35,1.Passenger Load Factor(％),64.4,2.8,4.8,61.9,1
36,Domestic,66.3,3.7,5.6,63.3,1.4
37,International,20,-21.6,-8.2,23.6,-16.2
38,Regional,54.8,12.6,1.8,53.9,10.6
39,2.Cargo load factor(％),32.5,-5.7,-4.2,34.8,-5.3
40,Domestic,22.9,-11.5,-9.4,27.8,-9.4
41,International,38,-2.2,-1,38.6,-3.3
42,Regional,29.5,0.6,3.5,27.5,-3.8
43,3.Overall Load Factor(％),48.7,-1.1,1.2,48.1,-2.9
44,Domestic,54.3,-0.7,1.8,53.3,-2.1
45,International,36.9,-3.3,-1.7,37.8,-3.8
46,Regional,48.4,12.1,3.6,46.5,8.1
,Unnamed: 0,Mar 2022,% change vs Mar 2021,% change vs Feb 2022,Cumulative Mar 2022,% cumulative change
0,1.Traffic,1.Traffic,1.Traffic,1.Traffic,1.Traffic,1.Traffic
1,1.RTKs (in millions),705.1,-50.3,-19.2,2543.7,-17.1
2,Domestic,375.6,-66.8,-42.2,1703.7,-27.5
3,International,320.2,17.6,54.3,799.2,15.6
4,Regional,9.3,-33.4,-39.5,40.8,36.5
5,2.RPKs (in millions),3458,-70.1,-49.2,16985.2,-27.8
6,Domestic,3313.8,-70.7,-49.8,16423.3,-28.3
7,International,88.5,-41.2,20.1,242.9,-43.5
8,Regional,55.7,-48.3,-57.2,318.9,49.3
9,3.RFTKs(in millions),395.2,3.3,45.2,1040,7
10,Domestic,79,-34.5,14.9,253.2,-18.4
11,International,312.4,20.7,55.4,777.6,19
12,Regional,3.8,18.5,55.3,9.2,6.6
13,4.Number of Passengers carried (in thousands),2266.1,-70.2,-48.7,11078.3,-28.7
14,Domestic,2218.9,-70.5,-48.7,10843.5,-29.3
15,International,15.4,-41.3,9.2,44.9,-39.5
16,Regional,31.9,-52.9,-59.7,189.8,40.8
17,5.Total Cargo tonnes carried,87085.6,-21.4,29.5,251534.1,-11.8
18,Domestic,47036.8,-35.9,13.5,152762.3,-19.9
19,International,37678.5,6.7,56.1,92785.2,4.5
20,Regional,2370.3,15.3,45,5986.6,7.2
21,2.Capacity,2.Capacity,2.Capacity,2.Capacity,2.Capacity,2.Capacity
22,1.ATKs (in millions),1479.5,-40.3,-17.4,5302.5,-7.3
23,Domestic,665,-63.4,-44.4,3154.6,-21.3
24,International,791.4,25.2,40.8,2057,25.5
25,Regional,23.2,-24.9,-26.8,90.9,25.6
26,2.ASKs (in millions),5855.8,-63.3,-44.6,27699.2,-22.2
27,Domestic,5425,-64.7,-45.5,26125.9,-23.3
28,International,292.4,-20.4,-20.6,946.3,-11.5
29,Regional,138.4,-36.1,-41.8,627,35.9
30,3.AFTKs (in millions),951.7,-8.5,13.5,2805.4,11.7
31,Domestic,177,-59,-41.2,804.2,-14.7
32,International,765.1,27.7,44.6,1971.8,27.9
33,Regional,9.7,1.7,16.5,29.3,9.2
34,3.Load Factor,3.Load Factor,3.Load Factor,3.Load Factor,3.Load Factor,3.Load Factor
35,1.Passenger Load Factor(％),59.1,-13.4,-5.3,61.3,-4.8
36,Domestic,61.1,-12.4,-5.2,62.9,-4.3
37,International,30.3,-10.7,10.2,25.7,-14.6
38,Regional,40.3,-9.5,-14.5,50.9,4.5
39,2.Cargo load factor(％),41.5,4.8,9,37.1,-1.6
40,Domestic,44.6,16.7,21.8,31.5,-1.4
41,International,40.8,-2.4,2.8,39.4,-2.9
42,Regional,39.3,5.6,9.8,31.4,-0.8
43,3.Overall Load Factor(％),47.7,-9.5,-1.1,48,-5.7
44,Domestic,56.5,-5.8,2.2,54,-4.6
45,International,40.5,-2.6,3.6,38.9,-3.3
46,Regional,40.1,-5.1,-8.4,44.9,3.6
,Unnamed: 0,Apr 2022,% change vs Apr 2021,% change vs Mar 2022,Cumulative Apr 2022,% cumulative change
0,1.Traffic,1.Traffic,1.Traffic,1.Traffic,1.Traffic,1.Traffic
1,1.RTKs (in millions),550.2,-63.9,-22,3093.9,-32.6
2,Domestic,235.5,-80.8,-37.3,1939.2,-45.8
3,International,307.7,11.1,-3.9,1106.9,14.3
4,Regional,7,-63.5,-24.3,47.8,-2.7
5,2.RPKs (in millions),2051.8,-83.9,-40.7,19036.9,-47.5
6,Domestic,1931.9,-84.5,-41.7,18355.2,-48
7,International,95.6,-35.8,8,338.5,-41.6
8,Regional,24.3,-85,-56.4,343.2,-8.7
9,3.RFTKs(in millions),366.4,-5.7,-7.3,1406.4,3.3
10,Domestic,62.6,-48.6,-20.8,315.8,-26.9
11,International,299.2,13.4,-4.2,1076.8,17.4
12,Regional,4.6,51.5,21.8,13.8,18.3
13,4.Number of Passengers carried (in thousands),1328.6,-84.2,-41.4,12406.9,-48.3
14,Domestic,1303.1,-84.3,-41.3,12146.6,-48.6
15,International,13.2,-45.3,-14.1,58.1,-40.9
16,Regional,12.4,-87.5,-61.3,202.2,-13.6
17,5.Total Cargo tonnes carried,76531.2,-31.2,-12.1,328065.2,-17.2
18,Domestic,37612.4,-49.9,-20,190374.7,-28.4
19,International,36165.2,5.6,-4,128950.3,4.8
20,Regional,2753.6,42.1,16.2,8740.2,16.2
21,2.Capacity,2.Capacity,2.Capacity,2.Capacity,2.Capacity,2.Capacity
22,1.ATKs (in millions),1190.4,-55.2,-19.5,6493,-22.5
23,Domestic,436.5,-78.1,-34.4,3591.1,-40.2
24,International,736.1,18,-7,2793.1,23.5
25,Regional,17.8,-49.6,-22.9,108.7,0.9
26,2.ASKs (in millions),3754.3,-78,-35.9,31453.5,-40.3
27,Domestic,3494.7,-78.8,-35.6,29620.5,-41.4
28,International,193.9,-44.1,-33.7,1140.2,-19.5
29,Regional,65.7,-74,-52.5,692.7,-3
30,3.AFTKs (in millions),852.2,-23.6,-10.5,3657.5,0.8
31,Domestic,122.1,-76.1,-31,926.4,-36.3
32,International,718.6,21.3,-6.1,2690.5,26
33,Regional,11.4,9.6,17.9,40.7,9.3
34,3.Load Factor,3.Load Factor,3.Load Factor,3.Load Factor,3.Load Factor,3.Load Factor
35,1.Passenger Load Factor(％),54.7,-19.8,-4.4,60.5,-8.3
36,Domestic,55.3,-20,-5.8,62,-7.9
37,International,49.3,6.4,19,29.7,-11.2
38,Regional,37,-27.2,-3.3,49.5,-3.1
39,2.Cargo load factor(％),43,8.1,1.5,38.5,0.9
40,Domestic,51.3,27.4,6.6,34.1,4.4
41,International,41.6,-2.9,0.8,40,-2.9
42,Regional,40.6,11.2,1.3,33.9,2.6
43,3.Overall Load Factor(％),46.2,-11.2,-1.4,47.7,-7.2
44,Domestic,54,-7.5,-2.5,54,-5.5
45,International,41.8,-2.6,1.3,39.6,-3.2
46,Regional,39.4,-15,-0.7,44,-1.6
,Unnamed: 0,May 2022,% change vs May 2021,% change vs Apr 2022,Cumulative May 2022,% cumulative change
0,1.Traffic,1.Traffic,1.Traffic,1.Traffic,1.Traffic,1.Traffic
1,1.RTKs (in millions),612.5,-59.1,11.3,3706.4,-39.2
2,Domestic,309.2,-74.5,31.3,2248.4,-53
3,International,297.8,12.2,-3.2,1404.7,13.8
4,Regional,5.5,-74.9,-22.1,53.3,-24.9
5,2.RPKs (in millions),2824.2,-77.7,37.6,21861.2,-55.3
6,Domestic,2698,-78.1,39.7,21053.3,-55.8
7,International,105.9,-33.5,10.8,444.4,-39.8
8,Regional,20.2,-88.8,-16.6,363.5,-34.8
9,3.RFTKs(in millions),359.5,-4.3,-1.9,1765.9,1.7
10,Domestic,67.6,-43.9,8,383.4,-30.6
11,International,288.4,14.8,-3.6,1365.2,16.9
12,Regional,3.5,-5.5,-24.8,17.3,12.6
13,4.Number of Passengers carried (in thousands),1807.8,-78.3,36.1,14214.7,-56
14,Domestic,1780.5,-78.3,36.6,13927.1,-56.3
15,International,16.3,-31.3,23.9,74.5,-39
16,Regional,11,-89.8,-11.1,213.2,-37.5
17,5.Total Cargo tonnes carried,78950.4,-27.4,3.2,407015.6,-19.4
18,Domestic,40718.5,-45.5,8.3,231093.3,-32.1
19,International,36097,13.7,-0.2,165047.3,6.6
20,Regional,2134.9,-8.2,-22.5,10875.1,10.4
21,2.Capacity,2.Capacity,2.Capacity,2.Capacity,2.Capacity,2.Capacity
22,1.ATKs (in millions),1238.8,-51.2,4.1,7731.8,-29.2
23,Domestic,560.3,-70.2,28.4,4151.5,-47.4
24,International,663,7.1,-9.9,3456,20
25,Regional,15.5,-62.1,-13,124.3,-16.5
26,2.ASKs (in millions),5066,-69.7,34.9,36519.4,-47.4
27,Domestic,4798.7,-70.1,37.3,34419.3,-48.4
28,International,209,-43.4,7.8,1349.2,-24.4
29,Regional,58.2,-80.3,-11.4,751,-25.6
30,3.AFTKs (in millions),782.7,-24.3,-8.2,4440.2,-4.7
31,Domestic,128.7,-70.5,5.4,1055.1,-44.2
32,International,644.2,10,-10.4,3334.6,22.6
33,Regional,9.8,-16.9,-13.8,50.5,3
34,3.Load Factor,3.Load Factor,3.Load Factor,3.Load Factor,3.Load Factor,3.Load Factor
35,1.Passenger Load Factor(％),55.7,-19.8,1.1,59.9,-10.6
36,Domestic,56.2,-20.3,0.9,61.2,-10.3
37,International,50.7,7.6,1.4,32.9,-8.4
38,Regional,34.8,-26.7,-2.2,48.4,-6.8
39,2.Cargo load factor(％),45.9,9.6,2.9,39.8,2.5
40,Domestic,52.5,24.9,1.3,36.3,7.1
41,International,44.8,1.9,3.1,40.9,-2
42,Regional,35.4,4.3,-5.2,34.2,2.9
43,3.Overall Load Factor(％),49.4,-9.5,3.2,47.9,-7.9
44,Domestic,55.2,-9.2,1.2,54.2,-6.5
45,International,44.9,2,3.1,40.6,-2.2
46,Regional,35.2,-17.9,-4.1,42.9,-4.8
,Not comply with the conditions of the inquiry data……,,,,,
,Not comply with the conditions of the inquiry data……,,,,,
,Not comply with the conditions of the inquiry data……,,,,,
,Not comply with the conditions of the inquiry data……,,,,,
,Not comply with the conditions of the inquiry data……,,,,,
,Not comply with the conditions of the inquiry data……,,,,,
,Not comply with the conditions of the inquiry data……,,,,,